screen,producer,state_d,indices,semantics,u,v,plane,packet_w,advance_total
load,slot_number_1,6,963,1,244,176,3,6,6
load,slot_number_2,6,964,2,244,192,0,6,6
load,slot_number_3,6,965,3,244,192,1,6,6
load,level_label,6,973,L,244,224,1,6,6
load,time_colon,6,976,:,244,240,0,6,6
choice,E5_03_indent,14,960 960,blankblank,240 240,176 176,0 0,16 16,28
battle,level_label,6,960 973,blankL,244 244,176 224,0 1,6 6,12
battle,magic_label,14,960 974,blankM,240 240,176 224,0 2,16 16,28
battle,power_label,14,975,P,240,224,3,16,14
