source_id,char,kind,old_physical_index,old_source_id,virtual_slot
0,니,restored_static_conflict,68,,
1,에,restored_static_conflict,69,,
2,의,restored_static_conflict,76,,
3,어,restored_static_conflict,77,,
4,그,restored_static_conflict,78,,
5,고,restored_static_conflict,80,,
6,나,restored_static_conflict,81,,
7,있,restored_static_conflict,82,,
8,시,restored_static_conflict,92,,
9,도,restored_static_conflict,93,,
10,정,restored_static_conflict,94,,
11,를,restored_static_conflict,100,,
12,게,restored_static_conflict,101,,
13,여,restored_static_conflict,102,,
14,만,restored_static_conflict,103,,
15,핀,restored_static_conflict,112,,
16,지,restored_static_conflict,113,,
17,해,restored_static_conflict,115,,
18,오,restored_static_conflict,116,,
19,수,restored_static_conflict,117,,
20,대,restored_static_conflict,118,,
21,다,restored_static_conflict,119,,
22,령,restored_static_conflict,128,,
23,전,restored_static_conflict,129,,
24,인,restored_static_conflict,130,,
25,는,restored_static_conflict,131,,
26,르,restored_static_conflict,152,,
27,경,restored_static_conflict,153,,
28,군,restored_static_conflict,154,,
29,하,restored_static_conflict,168,,
30,물,restored_static_conflict,169,,
31,몬,restored_static_conflict,170,,
32,상,restored_static_conflict,204,,
33,장,restored_static_conflict,205,,
34,토,restored_static_conflict,208,,
35,변,restored_static_conflict,209,,
36,세,restored_static_conflict,210,,
37,마,restored_static_conflict,211,,
38,을,restored_static_conflict,212,,
39,이,restored_static_conflict,534,,
40,로,restored_static_conflict,586,,
41,성,restored_static_conflict,664,,
42,용,restored_static_conflict,666,,
43,저,restored_static_conflict,784,,
44,매,restored_static_conflict,785,,
45,막,restored_static_conflict,786,,
46,림,restored_static_conflict,787,,
47,런,restored_static_conflict,840,,
48,방,restored_static_conflict,841,,
49,력,restored_static_conflict,842,,
50,미,restored_static_conflict,843,,
51,님,restored_static_conflict,844,,
52,메,restored_static_conflict,845,,
53,행,restored_static_conflict,847,,
54,동,restored_static_conflict,848,,
55,언,restored_static_conflict,849,,
56,명,restored_static_conflict,850,,
57,단,restored_static_conflict,851,,
58,문,restored_static_conflict,852,,
59,머,restored_static_conflict,853,,
60,뀌,restored_static_conflict,854,,
61,금,restored_static_conflict,855,,
62,규,restored_static_conflict,856,,
63,혼,restored_static_conflict,858,,
64,피,restored_static_conflict,859,,
65,투,restored_static_conflict,860,,
66,잇,restored_static_conflict,861,,
67,괜,restored_static_conflict,862,,
68,결,restored_static_conflict,863,,
69,봉,restored_static_conflict,876,,
70,롭,restored_static_conflict,877,,
71,렌,restored_static_conflict,878,,
72,둔,restored_static_conflict,879,,
73,번,restored_static_conflict,880,,
74,날,restored_static_conflict,881,,
75,꽃,restored_static_conflict,882,,
76,껐,restored_static_conflict,883,,
77,프,restored_static_conflict,888,,
78,파,restored_static_conflict,889,,
79,텅,restored_static_conflict,890,,
80,털,restored_static_conflict,891,,
81,코,restored_static_conflict,892,,
82,최,restored_static_conflict,893,,
83,쭐,restored_static_conflict,894,,
84,쪽,restored_static_conflict,895,,
85,질,restored_static_conflict,896,,
86,줬,restored_static_conflict,897,,
87,중,restored_static_conflict,898,,
88,줄,restored_static_conflict,899,,
89,좀,restored_static_conflict,900,,
90,젠,restored_static_conflict,901,,
91,잘,restored_static_conflict,902,,
92,워,restored_static_conflict,903,,
93,왔,restored_static_conflict,904,,
94,엘,restored_static_conflict,905,,
95,약,restored_static_conflict,906,,
96,루,restored_static_conflict,907,,
97,써,restored_static_conflict,908,,
98,떻,restored_static_conflict,909,,
99,식,restored_static_conflict,910,,
100,슬,restored_static_conflict,911,,
101,산,restored_static_conflict,912,,
102,송,restored_static_conflict,913,,
103,섞,restored_static_conflict,914,,
104,벌,restored_static_conflict,915,,
105,렇,restored_static_conflict,925,,
106,선,restored_static_conflict,926,,
107,참,restored_static_conflict,927,,
108,노,restored_static_conflict,932,,
109,험,restored_static_conflict,933,,
110,본,restored_static_conflict,934,,
111,키,restored_static_conflict,935,,
112,늘,restored_static_conflict,944,,
113,년,restored_static_conflict,945,,
114,온,restored_static_conflict,946,,
115,했,restored_static_conflict,960,,
116,레,restored_static_conflict,961,,
117,카,restored_static_conflict,962,,
118,친,restored_static_conflict,963,,
119,작,restored_static_conflict,964,,
120,첩,restored_static_conflict,965,,
121,찮,restored_static_conflict,966,,
122,쯤,restored_static_conflict,967,,
123,응,restored_static_conflict,976,,
124,뭐,restored_static_conflict,977,,
125,울,restored_static_conflict,978,,
126,찾,restored_static_conflict,979,,
127,역,restored_static_conflict,980,,
128,엔,restored_static_conflict,981,,
129,템,restored_static_conflict,982,,
130,애,restored_static_conflict,983,,
131,감,restored_static_conflict,985,,
132,쓰,restored_static_conflict,986,,
133,생,restored_static_conflict,988,,
134,망,restored_static_conflict,989,,
135,살,restored_static_conflict,990,,
136,빼,restored_static_conflict,993,,
137,불,restored_static_conflict,994,,
138,족,restored_static_conflict,1008,,
139,타,restored_static_conflict,1010,,
140,편,restored_static_conflict,1011,,
141,씩,restored_static_conflict,1017,,
142,못,restored_static_conflict,1018,,
143,품,restored_static_conflict,1019,,
144,남,restored_static_conflict,1028,,
145,냐,restored_static_conflict,1030,,
146,누,restored_static_conflict,1036,,
147,열,restored_static_conflict,1037,,
148,형,restored_static_conflict,1038,,
149,준,restored_static_conflict,1092,,
150,슈,restored_static_conflict,1094,,
151,표,restored_static_conflict,1095,,
152,석,restored_static_conflict,1097,,
153,걸,restored_static_conflict,1098,,
154,체,restored_static_conflict,1099,,
155,숲,restored_static_conflict,1100,,
156,느,restored_static_conflict,1101,,
157,톤,restored_static_conflict,1102,,
158,활,restored_static_conflict,1112,,
159,같,restored_static_conflict,1113,,
160,트,restored_static_conflict,1114,,
161,폐,restored_static_conflict,1115,,
162,튼,existing_dynamic,,0,
163,영,existing_dynamic,,1,
164,베,existing_dynamic,,2,
165,축,existing_dynamic,,3,
166,맨,existing_dynamic,,4,
167,증,existing_dynamic,,5,
168,긴,existing_dynamic,,6,
169,견,existing_dynamic,,7,
170,뜨,existing_dynamic,,8,
171,갑,existing_dynamic,,9,
172,볼,existing_dynamic,,10,
173,잊,existing_dynamic,,11,
174,료,existing_dynamic,,12,
175,듣,existing_dynamic,,13,
176,탈,existing_dynamic,,14,
177,놓,existing_dynamic,,15,
178,효,existing_dynamic,,16,
179,싱,existing_dynamic,,17,
180,설,existing_dynamic,,18,
181,엄,existing_dynamic,,19,
182,통,existing_dynamic,,20,
183,밀,existing_dynamic,,21,
184,립,existing_dynamic,,22,
185,잎,existing_dynamic,,23,
186,또,existing_dynamic,,24,
187,름,existing_dynamic,,25,
188,특,existing_dynamic,,26,
189,빠,existing_dynamic,,27,
190,란,existing_dynamic,,28,
191,끈,existing_dynamic,,29,
192,큼,existing_dynamic,,30,
193,턴,existing_dynamic,,31,
194,찬,existing_dynamic,,32,
195,책,existing_dynamic,,33,
196,허,existing_dynamic,,34,
197,필,existing_dynamic,,35,
198,착,existing_dynamic,,36,
199,혀,existing_dynamic,,37,
200,층,existing_dynamic,,38,
201,먹,existing_dynamic,,39,
202,광,existing_dynamic,,40,
203,귀,existing_dynamic,,41,
204,땅,existing_dynamic,,42,
205,극,existing_dynamic,,43,
206,렴,existing_dynamic,,44,
207,낙,existing_dynamic,,45,
208,억,existing_dynamic,,46,
209,듯,existing_dynamic,,47,
210,샤,existing_dynamic,,48,
211,달,existing_dynamic,,49,
212,훗,existing_dynamic,,50,
213,암,existing_dynamic,,51,
214,택,existing_dynamic,,52,
215,범,existing_dynamic,,53,
216,굴,existing_dynamic,,54,
217,햣,existing_dynamic,,55,
218,셈,existing_dynamic,,56,
219,횟,existing_dynamic,,57,
220,낳,existing_dynamic,,58,
221,례,existing_dynamic,,59,
222,깐,existing_dynamic,,60,
223,락,existing_dynamic,,61,
224,겸,existing_dynamic,,62,
225,근,existing_dynamic,,63,
226,랑,existing_dynamic,,64,
227,쨌,existing_dynamic,,65,
228,링,existing_dynamic,,66,
229,재,existing_dynamic,,67,
230,획,existing_dynamic,,68,
231,띠,existing_dynamic,,69,
232,므,existing_dynamic,,70,
233,콘,existing_dynamic,,71,
234,끼,existing_dynamic,,72,
235,익,existing_dynamic,,73,
236,칭,existing_dynamic,,74,
237,뭘,existing_dynamic,,75,
238,죄,existing_dynamic,,76,
239,창,existing_dynamic,,77,
240,끔,existing_dynamic,,78,
241,껏,existing_dynamic,,79,
242,훌,existing_dynamic,,80,
243,쁜,existing_dynamic,,81,
244,딘,existing_dynamic,,82,
245,벽,existing_dynamic,,83,
246,얼,existing_dynamic,,84,
247,딸,existing_dynamic,,85,
248,캐,existing_dynamic,,86,
249,독,existing_dynamic,,87,
250,텐,existing_dynamic,,88,
251,곤,existing_dynamic,,89,
252,쩌,existing_dynamic,,90,
253,업,existing_dynamic,,91,
254,박,existing_dynamic,,92,
255,답,existing_dynamic,,93,
256,킨,existing_dynamic,,94,
257,철,existing_dynamic,,95,
258,티,existing_dynamic,,96,
259,쁘,existing_dynamic,,97,
260,률,existing_dynamic,,98,
261,밤,existing_dynamic,,99,
262,춰,existing_dynamic,,100,
263,옆,existing_dynamic,,101,
264,쳤,existing_dynamic,,102,
265,콜,existing_dynamic,,103,
266,쓴,existing_dynamic,,104,
267,퇴,existing_dynamic,,105,
268,청,existing_dynamic,,106,
269,떨,existing_dynamic,,107,
270,늪,existing_dynamic,,108,
271,짜,existing_dynamic,,109,
272,취,existing_dynamic,,110,
273,액,existing_dynamic,,111,
274,릭,existing_dynamic,,112,
275,슷,existing_dynamic,,113,
276,급,existing_dynamic,,114,
277,션,existing_dynamic,,115,
278,염,existing_dynamic,,116,
279,벗,existing_dynamic,,117,
280,잔,existing_dynamic,,118,
281,럽,existing_dynamic,,119,
282,껴,existing_dynamic,,120,
283,힌,existing_dynamic,,121,
284,권,existing_dynamic,,122,
285,썩,existing_dynamic,,123,
286,맙,existing_dynamic,,124,
287,백,existing_dynamic,,125,
288,샘,existing_dynamic,,126,
289,츠,existing_dynamic,,127,
290,순,existing_dynamic,,128,
291,즉,existing_dynamic,,129,
292,교,existing_dynamic,,130,
293,켈,existing_dynamic,,131,
294,패,existing_dynamic,,132,
295,묵,existing_dynamic,,133,
296,맵,existing_dynamic,,134,
297,꾀,existing_dynamic,,135,
298,엽,existing_dynamic,,136,
299,엑,existing_dynamic,,137,
300,긋,existing_dynamic,,138,
301,챔,existing_dynamic,,139,
302,탐,existing_dynamic,,140,
303,둬,existing_dynamic,,141,
304,뿔,existing_dynamic,,142,
305,랜,existing_dynamic,,143,
306,덴,existing_dynamic,,144,
307,탱,existing_dynamic,,145,
308,옮,existing_dynamic,,146,
309,월,existing_dynamic,,147,
310,냈,existing_dynamic,,148,
311,흘,existing_dynamic,,149,
312,존,existing_dynamic,,150,
313,붕,existing_dynamic,,151,
314,값,existing_dynamic,,152,
315,겼,existing_dynamic,,153,
316,척,existing_dynamic,,154,
317,앵,existing_dynamic,,155,
318,뇌,existing_dynamic,,156,
319,즌,existing_dynamic,,157,
320,뢰,existing_dynamic,,158,
321,빙,existing_dynamic,,159,
322,샬,existing_dynamic,,160,
323,골,existing_dynamic,,161,
324,렘,existing_dynamic,,162,
325,큭,existing_dynamic,,163,
326,뛸,existing_dynamic,,164,
327,덤,existing_dynamic,,165,
328,몇,existing_dynamic,,166,
329,등,existing_dynamic,,167,
330,념,existing_dynamic,,168,
331,끓,existing_dynamic,,169,
332,앙,existing_dynamic,,170,
333,똑,existing_dynamic,,171,
334,왠,existing_dynamic,,172,
335,렛,existing_dynamic,,173,
336,닷,existing_dynamic,,174,
337,껍,existing_dynamic,,175,
338,팡,existing_dynamic,,176,
339,압,existing_dynamic,,177,
340,냉,existing_dynamic,,178,
341,흑,existing_dynamic,,179,
342,추,existing_dynamic,,180,
343,젤,existing_dynamic,,181,
344,힐,existing_dynamic,,182,
345,폴,existing_dynamic,,183,
346,렉,existing_dynamic,,184,
347,윈,existing_dynamic,,185,
348,썬,existing_dynamic,,186,
349,톰,existing_dynamic,,187,
350,텔,existing_dynamic,,188,
351,렬,existing_dynamic,,189,
352,룬,existing_dynamic,,190,
353,흡,existing_dynamic,,191,
354,칸,existing_dynamic,,192,
355,띄,existing_dynamic,,193,
356,찍,existing_dynamic,,194,
357,낫,existing_dynamic,,195,
358,갯,existing_dynamic,,196,
359,듦,existing_dynamic,,197,
360,팬,existing_dynamic,,198,
361,텀,existing_dynamic,,199,
362,블,existing_dynamic,,200,
363,랙,existing_dynamic,,201,
364,컬,existing_dynamic,,202,
365,뷰,existing_dynamic,,203,
366,랩,existing_dynamic,,204,
367,펀,existing_dynamic,,205,
368,현,existing_dynamic,,206,
369,<VIRTUAL:405>,protected_virtual,114,,405
