table_key,index,status,korean_target,missing_glyphs,encoded_bytes,encoded_hex,pointer_offset,string_offset
equipment_name,0,preserved_v25_missing_glyph,불꽃의 수호,호,5,BF 1C DD 1E 39,0x804A4,0x80224
equipment_name,1,preserved_v25_missing_glyph,얼음의 수호,얼호,6,DF 14 1C DD 1E 39,0x804A8,0x8022A
equipment_name,2,preserved_v25_missing_glyph,안티 헤모지,티,8,42 34 6C DD 3B 5F 7F 31,0x804AC,0x80231
equipment_name,3,translated_existing_bank,치유의 부적,,11,E0 B0 E0 AD E0 9B 9C E0 0B DF F2,0x804B0,0x8023A
equipment_name,4,preserved_v25_missing_glyph,비단 허리띠,띠,6,44 DD 4F 1C 3B 99,0x804B4,0x80246
equipment_name,5,translated_existing_bank,마법 카드,,9,E0 9E E0 B3 9C DF E9 DF 41,0x804B8,0x8024D
equipment_name,6,translated_existing_bank,수면 방지 카드,,14,DF B7 E0 4C 9C E0 0F E0 A2 9C DF E9 DF 41,0x804BC,0x80257
equipment_name,7,preserved_v25_missing_glyph,파워 암,암,7,A3 DD A0 31 42 31 D8,0x804C0,0x80266
equipment_name,8,translated_existing_bank,카이저 글러브,,13,DF E9 E0 BD E0 CB 9C DE F2 E0 25 DE E1,0x804C4,0x8026E
equipment_name,9,preserved_v25_missing_glyph,환상의 장갑,환,5,DD F2 1C 2E 21,0x804C8,0x8027C
equipment_name,10,translated_existing_bank,선글라스,,8,E0 58 DE F2 E0 A6 E0 39,0x804CC,0x80282
equipment_name,11,translated_existing_bank,명중의 두루마리,,15,E0 4E DF A9 E0 9B 9C E0 F8 E0 44 E0 9E E0 98,0x804D0,0x8028B
equipment_name,12,preserved_v25_missing_glyph,투척의 두루마리,척,10,CA 2D DE 04 9C 1C DE F7 DE F6,0x804D4,0x8029B
equipment_name,13,translated_existing_bank,신의 주먹,,9,E0 C3 E0 9B 9C E0 CF DF CF,0x804D8,0x802A6
equipment_name,14,preserved_v25_missing_glyph,바이올렛 레이저,렛,10,AF 65 8F 6F 82 5C 6F 31 77 31,0x804DC,0x802B0
equipment_name,15,translated_existing_bank,목걸이,,6,DF 63 E0 B4 E0 BD,0x804E0,0x802BB
equipment_name,16,preserved_v25_missing_glyph,염주,염,4,4A DE 20 8C,0x804E4,0x802C2
equipment_name,17,preserved_v25_missing_glyph,장로의 머리띠,띠,7,D4 A8 1C 28 4B 27 44,0x804E8,0x802C7
equipment_name,18,translated_existing_bank,질풍의 반다나,,13,DF A7 DE C9 E0 9B 9C E0 8A E0 C1 E0 99,0x804EC,0x802CF
equipment_name,19,preserved_v25_missing_glyph,하이퍼 부츠,츠,9,DD A2 65 A3 31 C9 31 DF 01,0x804F0,0x802DD
equipment_name,20,translated_existing_bank,임시 신발,,9,DF F6 E0 61 9C E0 C3 E0 FA,0x804F4,0x802E7
equipment_name,21,translated_existing_bank,팔찌 1,,6,DF 8B DF 0D 9C 12,0x804F8,0x802F1
equipment_name,22,translated_existing_bank,팔찌 2,,6,DF 8B DF 0D 9C 13,0x804FC,0x802F8
equipment_name,23,preserved_v25_missing_glyph,기술의 팔찌,술,9,DD 4C 1C C9 6F 47 6F 82 5C,0x80500,0x802FF
equipment_name,24,translated_existing_bank,여신의 기도,,11,E0 DC E0 C3 E0 9B 9C E0 AC E0 A7,0x80504,0x80309
equipment_name,25,translated_existing_bank,파워 리스트,,11,DF A0 DF AE 9C E0 98 E0 39 E0 82,0x80508,0x80315
equipment_name,26,translated_existing_bank,데일의 이빨,,11,E0 31 E0 6B E0 9B 9C E0 BD DF 2F,0x8050C,0x80321
equipment_name,27,preserved_v25_missing_glyph,환수의 이빨,환,7,DD F2 DE 6E 1C DE B0,0x80510,0x8032D
equipment_name,28,preserved_v25_missing_glyph,바닷바람의 선율,닷,9,1E 3B 20 A7 1C DD 86 DD 35,0x80514,0x80335
equipment_name,29,preserved_v25_missing_glyph,조개껍데기,개껍,4,DF 50 2A 33,0x80518,0x8033F
equipment_name,30,preserved_v25_missing_glyph,유니콘의 뿔,뿔콘,8,8E DE 7C DE 6E 1C DE 7C,0x8051C,0x80344
equipment_name,31,preserved_v25_missing_glyph,비극의 안경,극,8,DD BA DE 15 1C 51 2A 4C,0x80520,0x8034D
equipment_name,32,translated_existing_bank,거울,,4,DF 87 DF F9,0x80524,0x80356
equipment_name,33,translated_existing_bank,고대의 반지,,11,E0 7F E0 36 E0 9B 9C E0 8A E0 A2,0x80528,0x8035B
equipment_name,34,preserved_v25_missing_glyph,환상의 반지,환,7,DD F2 1C DD 04 99 43,0x8052C,0x80367
equipment_name,35,translated_existing_bank,마도의 반지,,11,E0 9E E0 A7 E0 9B 9C E0 8A E0 A2,0x80530,0x8036F
equipment_name,36,translated_existing_bank,장난감 반지,,11,E0 E1 E0 3D E0 01 9C E0 8A E0 A2,0x80534,0x8037B
equipment_name,37,preserved_v25_missing_glyph,독막이 반지,독,9,DD CF 3D 49 1C DD 04 99 43,0x80538,0x80387
equipment_name,38,preserved_v25_missing_glyph,환상의 방패,패환,5,DD F2 1C DE DB,0x8053C,0x80391
equipment_name,39,preserved_v25_missing_glyph,전사의 수호,호,6,63 68 1C DD 1E 39,0x80540,0x80397
equipment_name,40,preserved_v25_missing_glyph,장로의 방패,패,5,D4 A8 1C DE DB,0x80544,0x8039E
equipment_name,41,preserved_v25_missing_glyph,강력한 지팡이,팡,6,DD 19 61 1D DF 32,0x80548,0x803A4
equipment_name,42,translated_existing_bank,지옥의 스누프,,13,E0 A2 DF 19 E0 9B 9C E0 39 E0 34 DF 9F,0x8054C,0x803AB
equipment_name,43,translated_existing_bank,왕의 상,,7,E0 65 E0 9B 9C E0 56,0x80550,0x803B9
equipment_name,44,translated_existing_bank,매의 상,,7,DF 38 E0 9B 9C E0 56,0x80554,0x803C1
equipment_name,45,preserved_v25_missing_glyph,가짜 상,짜,6,27 2A 1B 1C DE 64,0x80558,0x803C9
equipment_name,46,translated_existing_bank,단검,,4,E0 37 DE F3,0x8055C,0x803D0
equipment_name,47,preserved_v25_missing_glyph,환상의 검,환,5,DD F2 1C DD 8D,0x80560,0x803D5
equipment_name,48,translated_existing_bank,리라의 머리장식,,15,E0 98 E0 A6 E0 9B 9C DF 7C E0 98 E0 E1 DF B5,0x80564,0x803DB
equipment_name,49,preserved_v25_missing_glyph,요동치는 보석,석,7,DE 54 32 22 DD C9 94,0x80568,0x803EB
equipment_name,50,preserved_v25_missing_glyph,아머 스톤,톤,8,42 31 64 31 47 5C 31 34,0x8056C,0x803F3
equipment_name,51,preserved_v25_missing_glyph,로맨싱 스톤,맨싱톤,10,A2 64 34 60 34 80 47 5C 31 34,0x80570,0x803FC
equipment_name,52,preserved_v25_missing_glyph,로맨싱 스톤,맨싱톤,10,A2 64 34 60 34 80 47 5C 31 34,0x80574,0x803FC
equipment_name,53,preserved_v25_missing_glyph,로맨싱 스톤,맨싱톤,10,A2 64 34 60 34 80 47 5C 31 34,0x80578,0x803FC
equipment_name,54,preserved_v25_missing_glyph,로맨싱 스톤,맨싱톤,10,A2 64 34 60 34 80 47 5C 31 34,0x8057C,0x803FC
equipment_name,55,translated_existing_bank,태양의 거울,,11,DF 08 DD CF E0 9B 9C DF 87 DF F9,0x80580,0x80407
equipment_name,56,preserved_v25_missing_glyph,압화 책,압책,6,3B 1E DE 1B 1C 92,0x80584,0x80413
equipment_name,57,preserved_v25_missing_glyph,클라우스의 책,책클,9,4E 57 DD 39 DD 03 47 1C 92,0x80588,0x8041A
equipment_name,58,translated_existing_bank,음악집,,6,DF F8 DF 1F E0 D2,0x8058C,0x80424
equipment_name,59,translated_existing_bank,라크의 문장,,11,E0 A6 E0 9D E0 9B 9C DF 7B E0 E1,0x80590,0x8042B
equipment_name,60,translated_existing_bank,유카리의 문장,,13,E0 AD DF E9 E0 98 E0 9B 9C DF 7B E0 E1,0x80594,0x80437
equipment_name,61,translated_existing_bank,포니의 문장,,11,DF 02 E0 35 E0 9B 9C DF 7B E0 E1,0x80598,0x80445
equipment_name,62,preserved_v25_missing_glyph,용자의 증표,표,6,DD 47 7E 1C DE 0C,0x8059C,0x80451
equipment_name,63,translated_existing_bank,?????,,10,E0 47 E0 47 E0 47 E0 47 E0 47,0x805A0,0x80458
equipment_description,0,preserved_v25_missing_glyph,화염 공격 피해 감소,염,14,BF DE ED 1C D0 B1 23 DD 19 3E 1D 39 27 2B,0x80A94,0x80463
equipment_description,1,preserved_v25_missing_glyph,냉기 공격 피해 감소,냉,14,B8 DE ED 1C D0 B1 23 DD 19 3E 1D 39 27 2B,0x80A98,0x80472
equipment_description,2,translated_existing_bank,헤모지 방지,,11,DF 9D E0 11 E0 A2 9C E0 0F E0 A2,0x80A9C,0x80481
equipment_description,3,preserved_v25_missing_glyph,회복 효과 증가,효,21,A4 B2 1C DD FA DD 90 1C 9E DD 2C DD 46 2A 50 44 3E 1D 39 27 2B,0x80AA0,0x8048D
equipment_description,4,preserved_v25_missing_glyph,획득 경험치 2배,획,20,63 93 30 86 22 DD DE DE 75 DD D2 2A 13 DF 17 23 1D 39 27 2B,0x80AA4,0x805A4
equipment_description,5,preserved_v25_missing_glyph,마력 10% 상승,%,13,DD 1B 61 2A 12 11 06 B9 DD 59 1E 27 2B,0x80AA8,0x805B9
equipment_description,6,translated_existing_bank,수면 방지,,9,DF B7 E0 4C 9C E0 0F E0 A2,0x80AAC,0x805C7
equipment_description,7,preserved_v25_missing_glyph,촌가라 방어력 30% 상승,%,23,DD A6 DD AD 61 2A 14 11 06 B9 DD 59 1E 27 2B 09 6C 69 34 DD 02 57 0A,0x80AB0,0x805D1
equipment_description,8,preserved_v25_missing_glyph,던지기 레벨 1,벨,17,5B DE 04 9C 22 5A 2A 6F DD B4 53 12 23 1D 39 27 2B,0x80AB4,0x805E9
equipment_description,9,preserved_v25_missing_glyph,공격력 50% 상승,%,13,D0 B1 61 2A 16 11 06 B9 DD 59 1E 27 2B,0x80AB8,0x805FB
equipment_description,10,preserved_v25_missing_glyph,암흑 방지,암흑,13,5B DE B3 DE B2 5A 2F 9E DD 96 1E 27 2B,0x80ABC,0x80609
equipment_description,11,preserved_v25_missing_glyph,명중률 상승,률,19,D0 B1 2A DE 5A DE 68 23 DD 42 1F 39 40 2B 3E 1D 39 27 2B,0x80AC0,0x80617
equipment_description,12,preserved_v25_missing_glyph,던지기가 강력 투척으로 변화,척,20,5B DE 04 9C 22 5A 2A 5B CA 2D DE 04 9C 22 5A 23 1D 39 27 2B,0x80AC4,0x8062B
equipment_description,13,preserved_v25_missing_glyph,특정 적에게 추가 피해,추특,17,D0 B1 2A DE 96 DD 97 1C BD 23 DD 19 3E 1D 39 27 2B,0x80AC8,0x80640
equipment_description,14,translated_existing_bank,공격이 반드시 명중,,18,E0 C6 E0 40 E0 BD 9C E0 8A DF 41 E0 61 9C E0 4E DF A9,0x80ACC,0x80652
equipment_description,15,preserved_v25_missing_glyph,레벨업 시 최대 체력 증가량 상승,벨업,26,6F DD B4 53 42 82 DD 55 CF 23 DD FA DD 90 1C DF 31 99 2A 50 44 3E 1D 39 27 2B,0x80AD0,0x80665
equipment_description,16,preserved_v25_missing_glyph,고겐 마력 30% 상승,%겐,22,DD 1B 61 2A 14 11 06 B9 DD 59 1E 27 2B 01 09 DD 3C 31 DD 4D 34 0A,0x80AD4,0x80680
equipment_description,17,preserved_v25_missing_glyph,명중률 상승,률,14,D0 B1 2A DD 42 1F 39 40 2B 3E 1D 39 27 2B,0x80AD8,0x80697
equipment_description,18,preserved_v25_missing_glyph,민첩 10% 상승,%,14,2B 58 40 3A 2A 12 11 06 B9 DD 59 1E 27 2B,0x80ADC,0x806A6
equipment_description,19,preserved_v25_missing_glyph,민첩 30% 상승,%,14,2B 58 40 3A 2A 14 11 06 B9 DD 59 1E 27 2B,0x80AE0,0x806B5
equipment_description,20,preserved_v25_missing_glyph,점프 레벨 1,벨,18,5B 7F D6 34 DD 55 5A 2A 6F DD B4 53 12 23 1D 39 27 2B,0x80AE4,0x806C4
equipment_description,21,preserved_v25_missing_glyph,반격률 상승,률,11,DE 02 B1 1E 40 2B 3E 1D 39 27 2B,0x80AE8,0x806D7
equipment_description,22,preserved_v25_missing_glyph,받기 레벨 1,벨,19,5B DD 68 49 DD 29 22 5A 2A 6F DD B4 53 12 23 1D 39 27 2B,0x80AEC,0x806E3
equipment_description,23,translated_existing_bank,받기가 되던지기로 변화,,22,E0 10 E0 AC E0 C0 9C E0 2F DF 69 E0 A2 E0 AC E0 D6 9C DE 3C DE FE,0x80AF0,0x806F7
equipment_description,24,preserved_v25_missing_glyph,능력 MP 소비 절반,MP능,21,DF 16 B2 1C DE 4F DD 90 30 DD 80 61 2F DD 33 DD 3E 30 44 27 2B,0x80AF4,0x8070E
equipment_description,25,preserved_v25_missing_glyph,공격력 30% 상승,%,13,D0 B1 61 2A 14 11 06 B9 DD 59 1E 27 2B,0x80AF8,0x80724
equipment_description,26,translated_existing_bank,이가 반격 피해 증가,,19,E0 BD E0 C0 9C E0 8A E0 40 9C DF 82 E0 88 9C E0 D1 E0 C0,0x80AFC,0x80732
equipment_description,27,preserved_v25_missing_glyph,효과 불명,효,13,DD C1 DD 1F 28 43 20 29 21 1B 27 59 2D,0x80B00,0x80746
equipment_description,28,translated_existing_bank,쿠쿠루 행동 시 주변 아군 회복,,29,E0 7A E0 7A E0 44 9C E0 8B E0 94 9C E0 61 9C E0 CF DE 3C 9C E0 9C E0 C5 9C DE C7 DF 33,0x80B04,0x80754
equipment_description,29,preserved_v25_missing_glyph,아이템 드롭률 상승,률,18,BD 2A 42 65 DB D8 2F DD A4 36 1E 40 2B 3E 1D 39 27 2B,0x80B08,0x80772
equipment_description,30,preserved_v25_missing_glyph,적 처치 시 희귀 아이템 획득,귀획,17,BD 2F DD 83 2B 36 DD 05 D2 42 65 DB D8 2A 56 27 2B,0x80B0C,0x80785
equipment_description,31,preserved_v25_missing_glyph,효과 불명,효,13,DD C1 DD 1F 28 43 20 29 21 1B 27 59 2D,0x80B10,0x80746
equipment_description,32,preserved_v25_missing_glyph,석화 방지,석,12,5B 94 DD 7C 5A 2F 9E DD 96 1E 27 2B,0x80B14,0x80797
equipment_description,33,preserved_v25_missing_glyph,아크 전용 효과 불명,효,19,DD C1 DD 1F 28 43 20 29 21 1B 27 59 2D 01 09 42 31 4E 0A,0x80B18,0x807A4
equipment_description,34,preserved_v25_missing_glyph,마력 50% 상승,%,13,DD 1B 61 2A 16 11 06 B9 DD 59 1E 27 2B,0x80B1C,0x807B8
equipment_description,35,preserved_v25_missing_glyph,마력 30% 상승,%,13,DD 1B 61 2A 14 11 06 B9 DD 59 1E 27 2B,0x80B20,0x807C6
equipment_description,36,preserved_v25_missing_glyph,포코의 방향 전환 효과가 전체화,환효,31,5B DD 01 44 DD 85 39 1C DE 2F 5A 1C DD C1 DD 1F 2A DE 4F DE 83 DD 90 DD 08 DD 2D 09 D7 D1 0A,0x80B24,0x807D4
equipment_description,37,preserved_v25_missing_glyph,독 방지,독,11,5B DD CF 5A 2F 9E DD 96 1E 27 2B,0x80B28,0x807F4
equipment_description,38,preserved_v25_missing_glyph,방어력 50% 상승,%,15,DD A6 DD AD 61 2A 16 11 06 B9 DD 59 1E 27 2B,0x80B2C,0x80800
equipment_description,39,preserved_v25_missing_glyph,방어력 30% 상승,%,15,DD A6 DD AD 61 2A 14 11 06 B9 DD 59 1E 27 2B,0x80B30,0x80810
equipment_description,40,translated_existing_bank,방어율 상승,,11,E0 0F E0 A0 DF 6D 9C E0 56 E0 FF,0x80B34,0x80820
equipment_description,41,preserved_v25_missing_glyph,고겐 공격력 70% 상승,%겐,21,D0 B1 61 2A 18 11 06 B9 DD 59 1E 27 2B 09 DD 3C 31 DD 4D 34 0A,0x80B38,0x8082C
equipment_description,42,translated_existing_bank,이가 심안법 범위 확장,,21,E0 BD E0 C0 9C DF 25 E0 E9 E0 B3 9C DE E4 E0 69 9C DE C8 E0 E1,0x80B3C,0x80842
equipment_description,43,preserved_v25_missing_glyph,촌가라가 소환수 경험치 획득,환획,31,DD 78 DD 7B DD 4E D6 57 1C DD DE DE 75 DD D2 2A A4 B2 23 86 39 27 2B 09 6C 69 34 DD 02 57 0A,0x80B40,0x80858
equipment_description,44,preserved_v25_missing_glyph,침묵 방지,묵,13,5B DF 1E DE 8B 5A 2F 9E DD 96 1E 27 2B,0x80B44,0x80878
equipment_description,45,translated_existing_bank,회피율 상승,,11,DE C7 DF 82 DF 6D 9C E0 56 E0 FF,0x80B48,0x80886
equipment_description,46,preserved_v25_missing_glyph,공격력 10% 상승,%,13,D0 B1 61 2A 12 11 06 B9 DD 59 1E 27 2B,0x80B4C,0x80892
equipment_description,47,translated_existing_bank,피해 편차 증가,,14,DF 82 E0 88 9C E0 E4 E0 96 9C E0 D1 E0 C0,0x80B50,0x808A0
equipment_description,48,translated_existing_bank,쿠쿠루 부활 시 최대 체력 회복,,29,E0 7A E0 7A E0 44 9C E0 0B E0 80 9C E0 61 9C DF A4 E0 36 9C E0 90 E0 8C 9C DE C7 DF 33,0x80B54,0x808AF
equipment_description,49,translated_existing_bank,피해 편차 증가,,14,DF 82 E0 88 9C E0 E4 E0 96 9C E0 D1 E0 C0,0x80B58,0x808A0
equipment_description,50,preserved_v25_missing_glyph,방어력 10% 상승,%,15,DD A6 DD AD 61 2A 12 11 06 B9 DD 59 1E 27 2B,0x80B5C,0x808CD
equipment_description,51,preserved_v25_missing_glyph,효과 불명,효,13,DD C1 DD 1F 28 43 20 29 21 1B 27 59 2D,0x80B60,0x80746
equipment_description,52,preserved_v25_missing_glyph,효과 불명,효,13,DD C1 DD 1F 28 43 20 29 21 1B 27 59 2D,0x80B64,0x80746
equipment_description,53,preserved_v25_missing_glyph,효과 불명,효,13,DD C1 DD 1F 28 43 20 29 21 1B 27 59 2D,0x80B68,0x80746
equipment_description,54,preserved_v25_missing_glyph,효과 불명,효,13,DD C1 DD 1F 28 43 20 29 21 1B 27 59 2D,0x80B6C,0x80746
equipment_description,55,translated_existing_bank,매 행동 체력 회복,,17,DF 38 9C E0 8B E0 94 9C E0 90 E0 8C 9C DE C7 DF 33,0x80B70,0x808DD
equipment_description,56,preserved_v25_missing_glyph,토슈 공격 명중률 상승,률,25,D0 B1 2A DE 5A DE 68 23 DD 42 1F 39 40 2B 3E 1D 39 27 2B 09 5C 82 60 AB 0A,0x80B74,0x808EF
equipment_description,57,translated_existing_bank,모든 상태 이상 방지,,19,E0 11 DF D4 9C E0 56 DF 08 9C E0 BD E0 56 9C E0 0F E0 A2,0x80B78,0x80909
equipment_description,58,preserved_v25_missing_glyph,포코 마력 30% 상승,%,18,DD 1B 61 2A 14 11 06 B9 DD 59 1E 27 2B 01 09 D7 D1 0A,0x80B7C,0x8091D
equipment_description,59,translated_existing_bank,마비 방지,,9,E0 9E E0 53 9C E0 0F E0 A2,0x80B80,0x80930
equipment_description,60,preserved_v25_missing_glyph,토슈 앵화뇌폭참에 마비 부여,뇌앵참,30,DE 3C DE 1B DD A5 DD 41 DD 5C 30 64 DD B5 3A 59 22 2E 36 2A 30 44 27 2B 09 5C 82 60 AB 0A,0x80B84,0x8093A
equipment_description,61,preserved_v25_missing_glyph,특정 적에게 추가 피해,추특,17,D0 B1 2A DE 96 DD 97 1C BD 23 DD 19 3E 1D 39 27 2B,0x80B88,0x80640
equipment_description,62,preserved_v25_missing_glyph,아크 매 행동 MP 회복,MP,23,74 DC 2B 22 79 36 23 DE 4F DD 90 2A 9E DD 2C 1E 27 2B 09 42 31 4E 0A,0x80B8C,0x80959
equipment_description,63,translated_existing_bank,?????,,10,E0 47 E0 47 E0 47 E0 47 E0 47,0x80B90,0x80458
consumable_name,0,preserved_v25_missing_glyph,끈끈이,끈,6,DF 96 DE FE E0 AA,0x80C9C,0x80971
consumable_name,1,preserved_v25_missing_glyph,의욕 젤리,욕젤,6,E0 AC E0 8C E0 AA,0x80CA0,0x80978
consumable_name,2,translated_existing_bank,넘치는 열매,,11,E0 97 E0 B0 E0 C2 9C E0 B2 DF 38,0x80CA4,0x8097F
consumable_name,3,translated_existing_bank,회복 열매,,9,DE C7 DF 33 9C E0 B2 DF 38,0x80CA8,0x8098B
consumable_name,4,translated_existing_bank,마비 사과,,9,E0 9E E0 53 9C E0 A5 E0 C7,0x80CAC,0x80995
consumable_name,5,translated_existing_bank,돌,,2,E0 D5,0x80CB0,0x8099F
consumable_name,6,translated_existing_bank,레코의 풀,,9,DF D2 DF A3 E0 9B 9C DF 8A,0x80CB4,0x809A2
consumable_name,7,translated_existing_bank,약초,,4,DF B1 DF EB,0x80CB8,0x809AC
consumable_name,8,preserved_v25_missing_glyph,독초,독,6,E0 69 E0 E8 DF 8A,0x80CBC,0x809B1
consumable_name,9,translated_existing_bank,루우의 약,,9,E0 44 E0 68 E0 9B 9C DF B1,0x80CC0,0x809B8
consumable_name,10,translated_existing_bank,민첩의 약,,9,DF BE DF EC E0 9B 9C DF B1,0x80CC4,0x809C2
consumable_name,11,preserved_v25_missing_glyph,작은 폭탄,탄,6,E0 D9 DE CB DF B1,0x80CC8,0x809CC
consumable_name,12,preserved_v25_missing_glyph,큰 폭탄,탄,6,DF 0A DE CB DF B1,0x80CCC,0x809D3
consumable_name,13,preserved_v25_missing_glyph,만능약,능,6,E0 49 E0 0E DF B1,0x80CD0,0x809DA
consumable_name,14,translated_existing_bank,성수,,4,E0 5A DF B7,0x80CD4,0x809E1
consumable_name,15,translated_existing_bank,부활약,,6,E0 0B E0 80 DF B1,0x80CD8,0x809E6
consumable_name,16,translated_existing_bank,공격 항아리,,11,E0 C6 E0 40 9C E0 87 E0 9C E0 98,0x80CDC,0x809ED
consumable_name,17,translated_existing_bank,수면 구슬,,9,DF B7 E0 4C 9C E0 24 DF B6,0x80CE0,0x809F9
consumable_name,18,translated_existing_bank,약화 구슬,,9,DF B1 DE FE 9C E0 24 DF B6,0x80CE4,0x80A03
consumable_name,19,translated_existing_bank,힘의 열매,,9,E0 8E E0 9B 9C E0 B2 DF 38,0x80CE8,0x80A0D
consumable_name,20,translated_existing_bank,파로의 열매,,11,DF A0 E0 D6 E0 9B 9C E0 B2 DF 38,0x80CEC,0x80A17
consumable_name,21,translated_existing_bank,생명의 열매,,11,E0 04 E0 4E E0 9B 9C E0 B2 DF 38,0x80CF0,0x80A23
consumable_name,22,preserved_v25_missing_glyph,마력의 잎,잎,6,E0 9E E0 8C DF EB,0x80CF4,0x80A2F
consumable_name,23,preserved_v25_missing_glyph,마력의 샘,샘,6,E0 9E E0 8C DF B7,0x80CF8,0x80A36
consumable_name,24,translated_existing_bank,눈가림 풀,,9,DF 6A E0 C0 DF 3A 9C DF 8A,0x80CFC,0x80A3D
consumable_name,25,preserved_v25_missing_glyph,쓴 잎,잎,4,DE DC DF 8A,0x80D00,0x80A47
consumable_name,26,preserved_v25_missing_glyph,석화 해제침,석,8,E0 D5 E0 88 E0 AA DF 5A,0x80D04,0x80A4C
consumable_name,27,preserved_v25_missing_glyph,침묵 해제침,묵,6,DF 93 E0 6A DF 5A,0x80D08,0x80A55
consumable_name,28,preserved_v25_missing_glyph,소환 항아리,환,6,E0 0B DE E6 E0 0E,0x80D0C,0x80A5C
consumable_name,29,translated_existing_bank,?????,,10,E0 47 E0 47 E0 47 E0 47 E0 47,0x80D10,0x80458
consumable_name,30,translated_existing_bank,?????,,10,E0 47 E0 47 E0 47 E0 47 E0 47,0x80D14,0x80458
consumable_name,31,translated_existing_bank,?????,,10,E0 47 E0 47 E0 47 E0 47 E0 47,0x80D18,0x80458
consumable_description,0,translated_existing_bank,민첩 일시 감소,,14,DF BE DF EC 9C E0 6B E0 61 9C E0 01 E0 D9,0x80F14,0x80A63
consumable_description,1,translated_existing_bank,헤모지 회복,,11,DF 9D E0 11 E0 A2 9C DE C7 DF 33,0x80F18,0x80A72
consumable_description,2,preserved_v25_missing_glyph,레벨 1 상승,벨,11,E0 37 E0 9A 9C 12 9C E0 56 E0 FF,0x80F1C,0x80A7E
consumable_description,3,translated_existing_bank,체력 60 회복,,12,E0 90 E0 8C 9C 17 11 9C DE C7 DF 33,0x80F20,0x80B94
consumable_description,4,translated_existing_bank,마비 부여,,9,E0 9E E0 53 9C E0 0B E0 DC,0x80F24,0x80A8A
consumable_description,5,translated_existing_bank,던져서 피해,,11,DF 69 DF 14 E0 57 9C DF 82 E0 88,0x80F28,0x80BA1
consumable_description,6,translated_existing_bank,방어력 상승,,11,E0 0F E0 A0 E0 8C 9C E0 56 E0 FF,0x80F2C,0x80BAD
consumable_description,7,translated_existing_bank,체력 20 회복,,12,E0 90 E0 8C 9C 13 11 9C DE C7 DF 33,0x80F30,0x80BB9
consumable_description,8,preserved_v25_missing_glyph,독 부여,독,14,E0 A2 E0 5C 9C DF 82 E0 88 9C E0 0B E0 DC,0x80F34,0x80BC6
consumable_description,9,translated_existing_bank,마비 회복,,9,E0 9E E0 53 9C DE C7 DF 33,0x80F38,0x80BD5
consumable_description,10,translated_existing_bank,민첩 일시 상승,,14,DF BE DF EC 9C E0 6B E0 61 9C E0 56 E0 FF,0x80F3C,0x80BDF
consumable_description,11,translated_existing_bank,폭발 피해,,9,DE CB E0 FA 9C DF 82 E0 88,0x80F40,0x80BEE
consumable_description,12,translated_existing_bank,큰 폭발 피해,,12,DF 0A 9C DE CB E0 FA 9C DF 82 E0 88,0x80F44,0x80BF8
consumable_description,13,translated_existing_bank,대부분의 상태 이상 회복,,23,E0 36 E0 0B E0 91 E0 9B 9C E0 56 DF 08 9C E0 BD E0 56 9C DE C7 DF 33,0x80F48,0x80C05
consumable_description,14,preserved_v25_missing_glyph,독 회복,독,14,E0 A2 E0 5C 9C DF 82 E0 88 9C E0 88 E0 AA,0x80F4C,0x80C1D
consumable_description,15,translated_existing_bank,쓰러진 대상 부활,,16,E0 02 E0 25 DF 10 9C E0 36 E0 56 9C E0 0B E0 80,0x80F50,0x80C2C
consumable_description,16,translated_existing_bank,공격력 일시 상승,,16,E0 C6 E0 40 E0 8C 9C E0 6B E0 61 9C E0 56 E0 FF,0x80F54,0x80C3D
consumable_description,17,translated_existing_bank,수면 부여,,9,DF B7 E0 4C 9C E0 0B E0 DC,0x80F58,0x80C4E
consumable_description,18,translated_existing_bank,공격 방어 일시 감소,,19,E0 C6 E0 40 9C E0 0F E0 A0 9C E0 6B E0 61 9C E0 01 E0 D9,0x80F5C,0x80C58
consumable_description,19,translated_existing_bank,공격력 상승,,11,E0 C6 E0 40 E0 8C 9C E0 56 E0 FF,0x80F60,0x80C6C
consumable_description,20,translated_existing_bank,민첩 상승,,9,DF BE DF EC 9C E0 56 E0 FF,0x80F64,0x80C78
consumable_description,21,translated_existing_bank,최대 체력 2 상승,,16,DF A4 E0 36 9C E0 90 E0 8C 9C 13 9C E0 56 E0 FF,0x80F68,0x80C82
consumable_description,22,translated_existing_bank,마력 상승,,9,E0 9E E0 8C 9C E0 56 E0 FF,0x80F6C,0x80D1C
consumable_description,23,translated_existing_bank,최대 마력 2 상승,,16,DF A4 E0 36 9C E0 9E E0 8C 9C 13 9C E0 56 E0 FF,0x80F70,0x80D26
consumable_description,24,preserved_v25_missing_glyph,명중률 감소,률,9,E0 4E DF A9 9C E0 01 E0 D9,0x80F74,0x80D37
consumable_description,25,translated_existing_bank,방어력 일시 상승,,16,E0 0F E0 A0 E0 8C 9C E0 6B E0 61 9C E0 56 E0 FF,0x80F78,0x80D41
consumable_description,26,preserved_v25_missing_glyph,석화 회복,석,12,E0 D5 9C E0 56 DF 08 9C DE C7 DF 33,0x80F7C,0x80D52
consumable_description,27,preserved_v25_missing_glyph,침묵 회복,묵,14,DF 93 E0 6A 9C E0 56 DF 08 9C DE C7 DF 33,0x80F80,0x80D5F
consumable_description,28,preserved_v25_missing_glyph,촌가라의 몬스터 소환,환,18,DF 37 E0 39 DF E8 9C E0 0B DE E6 E0 9F 9C E0 A5 E0 67,0x80F84,0x80D6E
consumable_description,29,translated_existing_bank,?????,,10,E0 47 E0 47 E0 47 E0 47 E0 47,0x80F88,0x80458
consumable_description,30,translated_existing_bank,?????,,10,E0 47 E0 47 E0 47 E0 47 E0 47,0x80F8C,0x80458
consumable_description,31,translated_existing_bank,?????,,10,E0 47 E0 47 E0 47 E0 47 E0 47,0x80F90,0x80458
skill_name,0,translated_existing_bank,,,0,,0x811C0,0x804A3
skill_name,1,translated_existing_bank,번 그라운드,,11,DE E5 9C E0 29 E0 A6 DF FA DF 41,0x811C4,0x80D81
skill_name,2,preserved_v25_missing_glyph,토탈 힐링,링탈힐,10,5C 31 62 53 DD B5 31 6B 34 80,0x811C8,0x80D8D
skill_name,3,translated_existing_bank,게일 플래시,,11,E0 14 E0 6B 9C DF 9E E0 BB E0 61,0x811CC,0x80D98
skill_name,4,translated_existing_bank,슬로우 에너미,,13,DF B6 E0 D6 E0 68 9C E0 9F E0 32 E0 50,0x811D0,0x80DA4
skill_name,5,preserved_v25_missing_glyph,메테오 폴,폴,8,78 DB 8F A6 DE B4 31 53,0x811D4,0x80C93
skill_name,6,preserved_v25_missing_glyph,큐어,큐,4,DD 4E AB 42,0x811D8,0x80DB2
skill_name,7,preserved_v25_missing_glyph,디포이즌,즌,6,81 D7 65 DE 1F 34,0x811DC,0x80DB7
skill_name,8,translated_existing_bank,사일런트,,8,E0 A5 E0 6B E0 BC E0 82,0x811E0,0x80DBE
skill_name,9,translated_existing_bank,리프레시,,8,E0 98 DF 9F DF D2 E0 61,0x811E4,0x80DC7
skill_name,10,translated_existing_bank,천벌,,4,DF 8C DF BA,0x811E8,0x80DD0
skill_name,11,preserved_v25_missing_glyph,리저렉션,렉션,8,6B DD C8 6F 4E 60 69 34,0x811EC,0x80DD5
skill_name,12,translated_existing_bank,디바이드,,8,E0 A1 DF 6E E0 BD DF 41,0x811F0,0x80DDE
skill_name,13,preserved_v25_missing_glyph,앵화뇌폭참,뇌앵참,10,DE 3C DE 1B DD A5 DD 41 DD 5C,0x811F4,0x80DE7
skill_name,14,preserved_v25_missing_glyph,주박검,박,6,DE 35 DE 94 DD 8D,0x811F8,0x80DF2
skill_name,15,preserved_v25_missing_glyph,진공참,참,6,DE 9F DD 18 DD 5C,0x811FC,0x80DF9
skill_name,16,preserved_v25_missing_glyph,호영참,영참호,6,DE E9 DE 81 DD 5C,0x81200,0x80E00
skill_name,17,translated_existing_bank,전투의 북,,9,E0 CC E0 EF E0 9B 9C DF 31,0x81204,0x80E07
skill_name,18,translated_existing_bank,황사자 북,,9,DE FC E0 A5 E0 E0 9C DF 31,0x81208,0x80E11
skill_name,19,translated_existing_bank,기합 나팔,,9,E0 AC E0 86 9C E0 99 DF 8B,0x8120C,0x80E1B
skill_name,20,preserved_v25_missing_glyph,탈진 나팔,탈,7,8A 55 8A 55 57 82 A3,0x81210,0x80E25
skill_name,21,translated_existing_bank,치유의 하프,,11,E0 B0 E0 AD E0 9B 9C E0 C4 DF 9F,0x81214,0x80E2D
skill_name,22,preserved_v25_missing_glyph,둔화 베이스,베,8,1C 55 27 1C DD B4 31 47,0x81218,0x80E39
skill_name,23,translated_existing_bank,위타천 오카리나,,15,E0 69 E0 7D DF 8C 9C E0 62 DF E9 E0 98 E0 99,0x8121C,0x80E42
skill_name,24,preserved_v25_missing_glyph,방향전환 피리,환,9,DD 01 44 DD 85 39 1C DE 2F,0x81220,0x80E52
skill_name,25,preserved_v25_missing_glyph,익스플로전,익,11,DD 23 4E 47 DD 55 A2 31 7F 69 34,0x81224,0x80E5C
skill_name,26,translated_existing_bank,드림 노크,,9,DF 41 DF 3A 9C E0 3C E0 9D,0x81228,0x80E68
skill_name,27,translated_existing_bank,다이아몬드 더스트,,17,E0 C1 E0 BD E0 9C DF 37 DF 41 9C DF D5 E0 39 E0 82,0x8122C,0x80E72
skill_name,28,preserved_v25_missing_glyph,윈드 슬래셔,윈,10,71 65 34 95 47 57 82 60 D6 31,0x81230,0x80E84
skill_name,29,preserved_v25_missing_glyph,히트 월,월,9,DD B5 31 5C 71 DE B4 31 53,0x81234,0x80E8F
skill_name,30,preserved_v25_missing_glyph,썬더 스톰,썬톰,8,77 34 67 31 47 5C 31 D8,0x81238,0x80E99
skill_name,31,preserved_v25_missing_glyph,텔레포트,텔,5,DB 6F D7 31 5C,0x8123C,0x80EA2
skill_name,32,translated_existing_bank,심안법,,6,DF 25 E0 E9 E0 B3,0x81240,0x80EA8
skill_name,33,preserved_v25_missing_glyph,퇴마광탄,탄퇴,8,DE 63 DD 1B DD 0C DE 06,0x81244,0x80EAF
skill_name,34,preserved_v25_missing_glyph,선풍격축,축,6,DE 9C C1 B1 DE A3,0x81248,0x80EB8
skill_name,35,translated_existing_bank,유성폭,,6,E0 AD E0 5A DE CB,0x8124C,0x80EBF
skill_name,36,preserved_v25_missing_glyph,귀신류영파,귀영,10,DE F4 DD 2F DE 24 DE 81 DE 5B,0x81250,0x80EC6
skill_name,37,translated_existing_bank,멸장열파,,8,E0 4D E0 E1 E0 B2 DF A0,0x81254,0x80ED1
skill_name,38,preserved_v25_missing_glyph,케락,락,5,DD 6D 57 82 4E,0x81258,0x80EDA
skill_name,39,translated_existing_bank,모프리,,6,E0 11 DF 9F E0 98,0x8125C,0x80EE0
skill_name,40,translated_existing_bank,후우진,,6,DF 6C E0 68 DF 10,0x81260,0x80EE7
skill_name,41,translated_existing_bank,라이진,,6,E0 A6 E0 BD DF 10,0x81264,0x80EEE
skill_name,42,translated_existing_bank,헤모지,,6,DF 9D E0 11 E0 A2,0x81268,0x80EF5
skill_name,43,preserved_v25_missing_glyph,오톤,톤,3,8F 95 34,0x8126C,0x80EFC
skill_name,44,translated_existing_bank,조사,,4,E0 A4 E0 A5,0x81270,0x80F00
skill_name,45,translated_existing_bank,초코,,4,DF EB DF A3,0x81274,0x80F05
skill_name,46,translated_existing_bank,회복,,4,DE C7 DF 33,0x81278,0x80F0A
skill_name,47,translated_existing_bank,다리 만들기,,11,E0 C1 E0 98 9C E0 49 E0 3B E0 AC,0x8127C,0x80F94
skill_name,48,preserved_v25_missing_glyph,풍뢰파,뢰,5,C1 DD A5 DD 62,0x81280,0x80FA0
skill_name,49,preserved_v25_missing_glyph,풍뢰파,뢰,5,C1 DD A5 DD 62,0x81284,0x80FA0
skill_name,50,preserved_v25_missing_glyph,빙의,빙,6,DD 43 39 DE FC 39,0x81288,0x80FA6
skill_name,51,preserved_v25_missing_glyph,폭렬 수리검,렬,10,AF 4E 6F DF 01 87 DD FE DD 8D,0x8128C,0x80FAD
skill_name,52,translated_existing_bank,자폭,,4,E0 E0 DE CB,0x81290,0x80F0F
skill_name,53,translated_existing_bank,지옥으로 가는 계단,,18,E0 A2 DF 19 E0 DF E0 D6 9C E0 C0 E0 C2 9C E0 9A E0 37,0x81294,0x80FB8
skill_name,54,translated_existing_bank,사방 공격,,9,E0 A5 E0 0F 9C E0 C6 E0 40,0x81298,0x80FCB
skill_name,55,preserved_v25_missing_glyph,염뢰붕,뢰붕염,5,BF DD A5 DE 90,0x8129C,0x80FD5
skill_name,56,preserved_v25_missing_glyph,더스트 룬,룬,8,67 47 5C 2C 53 31 65 34,0x812A0,0x80FDB
skill_name,57,preserved_v25_missing_glyph,요미의 날개,개,8,DD 14 DD 3A 1C 45 58 3A,0x812A4,0x80FE4
skill_name,58,preserved_v25_missing_glyph,의욕 없음,욕,5,40 22 A9 1D 1E,0x812A8,0x80FED
skill_description,0,translated_existing_bank,,,0,,0x81708,0x804A3
skill_description,1,preserved_v25_missing_glyph,용암으로 적에게 피해,암,22,3D 26 2A 2D 2F 76 DD 1C 3A 59 BD 23 67 78 31 7F 2F DD 3F 46 27 2B,0x8170C,0x80FF3
skill_description,2,translated_existing_bank,상태 이상과 체력 회복,,21,E0 56 DF 08 9C E0 BD E0 56 E0 C7 9C E0 90 E0 8C 9C DE C7 DF 33,0x81710,0x8100A
skill_description,3,translated_existing_bank,이공간 공격으로 피해,,20,E0 BD E0 C6 E0 F7 9C E0 C6 E0 40 E0 DF E0 D6 9C DF 82 E0 88,0x81714,0x81020
skill_description,4,translated_existing_bank,적 민첩 감소,,12,DF F2 9C DF BE DF EC 9C E0 01 E0 D9,0x81718,0x81035
skill_description,5,preserved_v25_missing_glyph,운석으로 주변 적 피해,석,25,1B 2D 59 44 2A DD A4 70 1E 27 43 39 1C BD 23 67 78 31 7F 2F DD 3F 46 27 2B,0x8171C,0x81042
skill_description,6,translated_existing_bank,체력 회복,,9,E0 90 E0 8C 9C DE C7 DF 33,0x81720,0x8105C
skill_description,7,preserved_v25_missing_glyph,독 해제,독,10,DD CF 2F DD 28 1E 3A 39 27 2B,0x81724,0x81066
skill_description,8,translated_existing_bank,적의 마법 봉인,,14,DF F2 E0 9B 9C E0 9E E0 B3 9C DF 93 E0 6A,0x81728,0x81071
skill_description,9,translated_existing_bank,상태 이상 회복,,14,E0 56 DF 08 9C E0 BD E0 56 9C DE C7 DF 33,0x8172C,0x81080
skill_description,10,translated_existing_bank,천사의 광선 공격,,16,DF 8C E0 A5 E0 9B 9C DF DD E0 58 9C E0 C6 E0 40,0x81730,0x8108F
skill_description,11,translated_existing_bank,쓰러진 아군 부활,,16,E0 02 E0 25 DF 10 9C E0 9C E0 C5 9C E0 0B E0 80,0x81734,0x810A0
skill_description,12,preserved_v25_missing_glyph,적 체력을 흡수해 아군 회복,흡,21,BD 1C DD 2D 61 2F 2B 1B 36 39 DD 94 C4 23 B2 49 DD 3F 46 27 2B,0x81738,0x810B1
skill_description,13,preserved_v25_missing_glyph,적 하나에 필살검,필,20,BD 8E DD 2D 23 DD CC DD 7A 1C DD 8D 30 DD 5C 39 45 49 27 2B,0x8173C,0x810C7
skill_description,14,translated_existing_bank,적에게 마비 부여,,16,DF F2 E0 9F E0 14 9C E0 9E E0 53 9C E0 0B E0 DC,0x81740,0x810DC
skill_description,15,preserved_v25_missing_glyph,두 칸 앞의 적 공격,칸,15,13 27 2B DD 66 1C BD 2F DD 5C 39 45 49 27 2B,0x81744,0x810ED
skill_description,16,translated_existing_bank,돌진하며 적 공격,,16,E0 D5 DF 10 E0 C4 DF BF 9C DF F2 9C E0 C6 E0 40,0x81748,0x810FD
skill_description,17,translated_existing_bank,아군 공격력 상승,,16,E0 9C E0 C5 9C E0 C6 E0 40 E0 8C 9C E0 56 E0 FF,0x8174C,0x8110E
skill_description,18,translated_existing_bank,파동 광선 발사,,14,DF A0 E0 94 9C DF DD E0 58 9C E0 FA E0 A5,0x81750,0x8111F
skill_description,19,translated_existing_bank,먼 적을 기합으로 공격,,21,DF C2 9C DF F2 E0 A3 9C E0 AC E0 86 E0 DF E0 D6 9C E0 C6 E0 40,0x81754,0x8112E
skill_description,20,preserved_v25_missing_glyph,폭탄을 연속 발사,탄,18,8E DD 20 23 1F 3E 3A 2D 1C DD 41 DE 06 2F B1 4B 27 2B,0x81758,0x81144
skill_description,21,translated_existing_bank,아군 체력 회복,,14,E0 9C E0 C5 9C E0 90 E0 8C 9C DE C7 DF 33,0x8175C,0x81157
skill_description,22,translated_existing_bank,적 민첩 감소,,12,DF F2 9C DF BE DF EC 9C E0 01 E0 D9,0x81760,0x81035
skill_description,23,translated_existing_bank,아군 민첩 상승,,14,E0 9C E0 C5 9C DF BE DF EC 9C E0 56 E0 FF,0x81764,0x81166
skill_description,24,preserved_v25_missing_glyph,전원이 포니 방향으로 전환,환,23,DD 08 8D 2A D7 D1 36 DD 82 4A C4 DD 01 23 DD 01 44 2F DD 15 46 27 2B,0x81768,0x81175
skill_description,25,translated_existing_bank,거대한 불꽃으로 피해,,20,DF 87 E0 36 E0 84 9C E0 0A DF 99 E0 DF E0 D6 9C DF 82 E0 88,0x8176C,0x8118D
skill_description,26,translated_existing_bank,적에게 수면 부여,,16,DF F2 E0 9F E0 14 9C DF B7 E0 4C 9C E0 0B E0 DC,0x81770,0x811A2
skill_description,27,translated_existing_bank,눈보라로 적에게 피해,,20,DF 6A E0 93 E0 A6 E0 D6 9C DF F2 E0 9F E0 14 9C DF 82 E0 88,0x81774,0x812AC
skill_description,28,translated_existing_bank,강풍으로 적에게 피해,,20,E0 F2 DE C9 E0 DF E0 D6 9C DF F2 E0 9F E0 14 9C DF 82 E0 88,0x81778,0x812C1
skill_description,29,preserved_v25_missing_glyph,불꽃 장벽 생성,벽,14,BF 1C 20 1F 27 39 2F DD EF 39 35 1E 27 2B,0x8177C,0x812D6
skill_description,30,preserved_v25_missing_glyph,번개로 적에게 피해,개,23,2B 79 1B DD A5 2F DD A4 36 1E 21 BD 23 67 78 31 7F 2F DD 3F 46 27 2B,0x81780,0x812E5
skill_description,31,preserved_v25_missing_glyph,주변 아군과 순간이동,순,20,27 43 39 1C DD 94 C4 2F DD E4 32 21 DB 6F D7 31 5C 1E 27 2B,0x81784,0x812FD
skill_description,32,translated_existing_bank,적 하나 고정,,12,DF F2 9C E0 C4 E0 99 9C E0 7F E0 EB,0x81788,0x811B3
skill_description,33,preserved_v25_missing_glyph,고정한 적에게 광탄 발사,탄,30,DD 11 DE 7B DD 51 30 A2 82 4E 1E 1F BD 23 DD 9A 1E 21 DD 0C DE 06 2F B1 4B DD 5D 6D 27 2B,0x8178C,0x81312
skill_description,34,translated_existing_bank,주변 적 공격,,12,E0 CF DE 3C 9C DF F2 9C E0 C6 E0 40,0x81790,0x81331
skill_description,35,preserved_v25_missing_glyph,회오리로 띄워 내리찍음,띄찍,24,1F 45 27 44 30 BD 2F 2B 1B 3F 9C 21 90 B9 23 1F 1F 44 DD A4 36 1E 27 2B,0x81794,0x8133E
skill_description,36,preserved_v25_missing_glyph,잔상을 날려 공격,잔,20,A4 B2 1C DD AB DE 64 2F BD 23 DD 01 20 29 21 CA 45 49 27 2B,0x81798,0x81357
skill_description,37,translated_existing_bank,약한 적을 소멸,,14,DF B1 E0 84 9C DF F2 E0 A3 9C E0 D9 E0 4D,0x8179C,0x8136C
skill_description,38,preserved_v25_missing_glyph,케락 소환,락환,15,5B DD 6D 57 82 4E 5A 2F DD 78 DD 7B 1E 27 2B,0x817A0,0x8137B
skill_description,39,preserved_v25_missing_glyph,모프리 소환,환,14,5B 5F A6 6B 31 5A 2F DD 78 DD 7B 1E 27 2B,0x817A4,0x8138B
skill_description,40,preserved_v25_missing_glyph,후우진 소환,환,14,5B A6 71 7F 34 5A 2F DD 78 DD 7B 1E 27 2B,0x817A8,0x8139A
skill_description,41,preserved_v25_missing_glyph,라이진 소환,환,14,5B 57 65 7F 34 5A 2F DD 78 DD 7B 1E 27 2B,0x817AC,0x813A9
skill_description,42,preserved_v25_missing_glyph,헤모지 소환,환,15,5B DD 3B 5F 7F 31 5A 2F DD 78 DD 7B 1E 27 2B,0x817B0,0x813B8
skill_description,43,preserved_v25_missing_glyph,오톤 소환,톤환,13,5B 8F 95 34 5A 2F DD 78 DD 7B 1E 27 2B,0x817B4,0x813C8
skill_description,44,translated_existing_bank,몬스터 정보 조사,,16,DF 37 E0 39 DF E8 9C E0 EB E0 93 9C E0 A4 E0 A5,0x817B8,0x813D6
skill_description,45,preserved_v25_missing_glyph,초코 소환,환,13,5B 4B 73 2E 5A 2F DD 78 DD 7B 1E 27 2B,0x817BC,0x813E7
skill_description,46,translated_existing_bank,아군 회복,,9,E0 9C E0 C5 9C DE C7 DF 33,0x817C0,0x813F5
skill_description,47,translated_existing_bank,갈 수 없는 곳에 다리 생성,,25,E0 42 9C DF B7 9C E0 F1 E0 C2 9C E0 7B E0 9F 9C E0 C1 E0 98 9C E0 04 E0 5A,0x817C4,0x813FF
skill_description,48,translated_existing_bank,라이진과 합체 마법,,18,E0 A6 E0 BD DF 10 E0 C7 9C E0 86 E0 90 9C E0 9E E0 B3,0x817C8,0x81419
skill_description,49,translated_existing_bank,후우진과 합체 마법,,18,DF 6C E0 68 DF 10 E0 C7 9C E0 86 E0 90 9C E0 9E E0 B3,0x817CC,0x8142C
skill_description,50,preserved_v25_missing_glyph,적에게 빙의,빙,10,BD 23 DD 43 39 DE FC 32 27 2B,0x817D0,0x8143F
skill_description,51,translated_existing_bank,주변에 수리검 난사,,18,E0 CF DE 3C E0 9F 9C DF B7 E0 98 DE F3 9C E0 3D E0 A5,0x817D4,0x8144A
skill_description,52,translated_existing_bank,자폭 공격,,9,E0 E0 DE CB 9C E0 C6 E0 40,0x817D8,0x8145D
skill_description,53,preserved_v25_missing_glyph,낫 부메랑으로 공격,낫랑,15,20 27 C9 31 78 57 34 30 BD 2F D0 B1 1E 27 2B,0x817DC,0x81467
skill_description,54,translated_existing_bank,주변 적에게 피해,,16,E0 CF DE 3C 9C DF F2 E0 9F E0 14 9C DF 82 E0 88,0x817E0,0x81477
skill_description,55,translated_existing_bank,주변 적에게 피해,,16,E0 CF DE 3C 9C DF F2 E0 9F E0 14 9C DF 82 E0 88,0x817E4,0x81477
skill_description,56,translated_existing_bank,직선상의 적 공격,,16,DF 11 E0 58 E0 56 E0 9B 9C DF F2 9C E0 C6 E0 40,0x817E8,0x81488
skill_description,57,preserved_v25_missing_glyph,날갯짓으로 바람 피해,갯,21,45 58 3A 2F 28 1F 51 20 59 C1 30 67 78 31 7F 2F DD 3F 46 27 2B,0x817EC,0x81499
skill_description,58,preserved_v25_missing_glyph,적을 헤모지 상태로 만듦,듦,11,BD 2F DD 3B 5F 7F 31 23 1E 27 2B,0x817F0,0x814AF
character_name,0,translated_existing_bank,아크,,4,E0 9C E0 9D,0x81B4C,0x814BB
character_name,1,translated_existing_bank,쿠쿠루,,6,E0 7A E0 7A E0 44,0x81B50,0x814C0
character_name,2,translated_existing_bank,토슈,,4,E0 7E DE DD,0x81B54,0x814C7
character_name,3,translated_existing_bank,포코,,4,DF 02 DF A3,0x81B58,0x814CC
character_name,4,translated_existing_bank,이가,,4,E0 BD E0 C0,0x81B5C,0x814D1
character_name,5,preserved_v25_missing_glyph,고겐,겐,4,65 31 DD 02,0x81B60,0x814D6
character_name,6,preserved_v25_missing_glyph,마샬,샬,5,64 31 60 D6 53,0x81B64,0x814DB
character_name,7,translated_existing_bank,촌가라,,6,DF 83 E0 C0 E0 A6,0x81B68,0x814E1
character_name,8,translated_existing_bank,,,0,,0x81B6C,0x804A3
character_name,9,translated_existing_bank,,,0,,0x81B70,0x804A3
character_name,10,translated_existing_bank,,,0,,0x81B74,0x804A3
character_name,11,preserved_v25_missing_glyph,스켈레톤,켈톤,6,47 DD 6D 53 5C 34,0x81B78,0x814E8
character_name,12,translated_existing_bank,고스트,,6,E0 7F E0 39 E0 82,0x81B7C,0x814EF
character_name,13,translated_existing_bank,좀비,,4,DF AB E0 53,0x81B80,0x814F6
character_name,14,translated_existing_bank,그린 슬라임,,11,E0 29 E0 48 9C DF B6 E0 A6 DF F6,0x81B84,0x814FB
character_name,15,translated_existing_bank,간자,,4,E0 F7 E0 E0,0x81B88,0x81507
character_name,16,translated_existing_bank,메이지,,6,E0 8F E0 BD E0 A2,0x81B8C,0x8150C
character_name,17,translated_existing_bank,파이터,,6,DF A0 E0 BD DF E8,0x81B90,0x81513
character_name,18,translated_existing_bank,파계승,,6,DF A0 E0 9A E0 FF,0x81B94,0x8151A
character_name,19,translated_existing_bank,자이언트 배트,,13,E0 E0 E0 BD E0 AE E0 82 9C DF BD E0 82,0x81B98,0x81521
character_name,20,translated_existing_bank,돌 마스터,,9,E0 D5 9C E0 9E E0 39 DF E8,0x81B9C,0x8152F
character_name,21,translated_existing_bank,사신,,4,E0 A5 E0 C3,0x81BA0,0x81539
character_name,22,preserved_v25_missing_glyph,엘리멘탈,탈,7,DD 23 6F 78 34 62 53,0x81BA4,0x8153E
character_name,23,translated_existing_bank,요수,,4,E0 66 DF B7,0x81BA8,0x81546
character_name,24,preserved_v25_missing_glyph,팬텀,텀팬,8,A6 DE 4E 34 62 DE 1F D8,0x81BAC,0x8154B
character_name,25,translated_existing_bank,시드레이크,,10,E0 61 DF 41 DF D2 E0 BD E0 9D,0x81BB0,0x81554
character_name,26,preserved_v25_missing_glyph,마이티 플라이,티,8,64 65 DB DD 03 A6 57 65,0x81BB4,0x8155F
character_name,27,translated_existing_bank,킬러 도그,,9,DF 88 E0 25 9C E0 A7 E0 29,0x81BB8,0x81568
character_name,28,preserved_v25_missing_glyph,레드 스켈레톤,켈톤,9,6F 82 95 47 DD 6D 53 5C 34,0x81BBC,0x81572
character_name,29,preserved_v25_missing_glyph,블랙 스컬,랙블컬,7,C9 57 82 4E 47 BC 53,0x81BC0,0x8157C
character_name,30,translated_existing_bank,레이스,,6,DF D2 E0 BD E0 39,0x81BC4,0x81584
character_name,31,translated_existing_bank,구울,,4,E0 24 DF F9,0x81BC8,0x8158B
character_name,32,translated_existing_bank,프리지,,6,DF 9F E0 98 E0 A2,0x81BCC,0x81590
character_name,33,translated_existing_bank,애시드 슬라임,,13,DF FE E0 61 DF 41 9C DF B6 E0 A6 DF F6,0x81BD0,0x81597
character_name,34,translated_existing_bank,어새신,,6,E0 A0 DF 92 E0 C3,0x81BD4,0x815A5
character_name,35,translated_existing_bank,슈퍼 좀비,,9,DE DD DF 04 9C DF AB E0 53,0x81BD8,0x815AC
character_name,36,translated_existing_bank,위치 크래프트,,13,E0 69 E0 B0 9C E0 9D E0 BB DF 9F E0 82,0x81BDC,0x815B6
character_name,37,translated_existing_bank,소서러,,6,E0 D9 E0 57 E0 25,0x81BE0,0x815C4
character_name,38,preserved_v25_missing_glyph,네크로맨서,맨,8,DD C6 4E A2 64 34 77 31,0x81BE4,0x815CB
character_name,39,translated_existing_bank,위저드,,6,E0 69 E0 CB DF 41,0x81BE8,0x815D4
character_name,40,preserved_v25_missing_glyph,암법사,암,6,DE B2 DD 51 DE 11,0x81BEC,0x815DB
character_name,41,translated_existing_bank,수행자,,6,DF B7 E0 8B E0 E0,0x81BF0,0x815E2
character_name,42,translated_existing_bank,하법사,,6,E0 C4 E0 B3 E0 A5,0x81BF4,0x815E9
character_name,43,preserved_v25_missing_glyph,네뷰러스,뷰,7,DD C6 DE 1E AB 57 47,0x81BF8,0x815F0
character_name,44,translated_existing_bank,광대,,4,DF DD E0 36,0x81BFC,0x815F8
character_name,45,translated_existing_bank,데스 하운드,,11,E0 31 E0 39 9C E0 C4 DF FA DF 41,0x81C00,0x815FD
character_name,46,translated_existing_bank,데스,,4,E0 31 E0 39,0x81C04,0x81609
character_name,47,translated_existing_bank,뱀파이어 배트,,13,DF BC DF A0 E0 BD E0 A0 9C DF BD E0 82,0x81C08,0x8160E
character_name,48,preserved_v25_missing_glyph,소드맨,맨,6,DE 4D 31 95 64 34,0x81C0C,0x8161C
character_name,49,translated_existing_bank,나이트 마스터,,13,E0 99 E0 BD E0 82 9C E0 9E E0 39 DF E8,0x81C10,0x81623
character_name,50,translated_existing_bank,그레이트 나이트,,15,E0 29 DF D2 E0 BD E0 82 9C E0 99 E0 BD E0 82,0x81C14,0x81631
character_name,51,preserved_v25_missing_glyph,포이즌 스모그,즌,9,D7 65 DE 1F 34 47 5F 82 80,0x81C18,0x81641
character_name,52,translated_existing_bank,메두사 리자드,,13,E0 8F E0 F8 E0 A5 9C E0 98 E0 E0 DF 41,0x81C1C,0x8164B
character_name,53,preserved_v25_missing_glyph,드래곤 플라이,곤,8,95 57 DD 3C 34 A6 57 65,0x81C20,0x81659
character_name,54,preserved_v25_missing_glyph,맨트랩,랩맨,7,64 34 5C 57 82 DD 55,0x81C24,0x81662
character_name,55,translated_existing_bank,데스 플레임,,11,E0 31 E0 39 9C DF 9E DF D2 DF F6,0x81C28,0x8166A
character_name,56,preserved_v25_missing_glyph,엘리멘탈 마스터,탈,11,DD 23 6F 78 34 62 53 64 47 62 31,0x81C2C,0x81676
character_name,57,translated_existing_bank,이가,,4,E0 BD E0 C0,0x81C30,0x814D1
character_name,58,translated_existing_bank,,,0,,0x81C34,0x804A3
character_name,59,translated_existing_bank,야생 헤모지,,11,E0 DA E0 04 9C DF 9D E0 11 E0 A2,0x81C38,0x81682
character_name,60,translated_existing_bank,레서 데몬,,9,DF D2 E0 57 9C E0 31 DF 37,0x81C3C,0x8168E
character_name,61,translated_existing_bank,그레이터 데몬,,13,E0 29 DF D2 E0 BD DF E8 9C E0 31 DF 37,0x81C40,0x81698
character_name,62,preserved_v25_missing_glyph,스톤 골렘,골렘톤,8,47 62 34 DD 3C 31 6F D8,0x81C44,0x816A6
character_name,63,translated_existing_bank,와이번,,6,E0 64 E0 BD DE E5,0x81C48,0x816AF
character_name,64,translated_existing_bank,매드 배틀러,,11,DF 38 DF 41 9C DF BD DF 06 E0 25,0x81C4C,0x816B6
character_name,65,translated_existing_bank,아크 데몬,,9,E0 9C E0 9D 9C E0 31 DF 37,0x81C50,0x816C2
character_name,66,preserved_v25_missing_glyph,파이어 골렘,골렘,10,A6 DE 4E 65 42 DD 3C 31 6F D8,0x81C54,0x816CC
character_name,67,preserved_v25_missing_glyph,코퍼 드래곤,곤,9,BC 82 A3 31 95 57 DD 3C 34,0x81C58,0x816D7
character_name,68,preserved_v25_missing_glyph,그레이트 서펀트,펀,10,80 6F 31 5C 77 31 DD F7 34 5C,0x81C5C,0x816E1
character_name,69,translated_existing_bank,수행승,,6,DF B7 E0 8B E0 FF,0x81C60,0x816EC
character_name,70,translated_existing_bank,라마다 대승정,,13,E0 A6 E0 9E E0 C1 9C E0 36 E0 FF E0 EB,0x81C64,0x816F3
character_name,71,translated_existing_bank,그라 아비스,,11,E0 29 E0 A6 9C E0 9C E0 53 E0 39,0x81C68,0x817F4
character_name,72,translated_existing_bank,니 아비스,,9,E0 35 9C E0 9C E0 53 E0 39,0x81C6C,0x81800
character_name,73,translated_existing_bank,라류우키,,8,E0 A6 E0 45 E0 68 E0 7C,0x81C70,0x8180A
character_name,74,preserved_v25_missing_glyph,효엔키,효,9,DD B5 69 71 DD 23 34 DD 4E,0x81C74,0x81813
character_name,75,translated_existing_bank,무르 아비스,,11,E0 E7 E0 46 9C E0 9C E0 53 E0 39,0x81C78,0x8181D
character_name,76,translated_existing_bank,라 아비스,,9,E0 A6 9C E0 9C E0 53 E0 39,0x81C7C,0x81829
character_name,77,translated_existing_bank,초코,,4,DF EB DF A3,0x81C80,0x80F05
character_name,78,translated_existing_bank,보물상자,,8,E0 93 E0 4F E0 56 E0 E0,0x81C84,0x81833
character_name,79,translated_existing_bank,보물상자,,8,E0 93 E0 4F E0 56 E0 E0,0x81C88,0x81833
character_name,80,preserved_v25_missing_glyph,케락,락,5,DD 6D 57 82 4E,0x81C8C,0x80EDA
character_name,81,translated_existing_bank,,,0,,0x81C90,0x804A3
character_name,82,translated_existing_bank,모프리,,6,E0 11 DF 9F E0 98,0x81C94,0x80EE0
character_name,83,translated_existing_bank,후우진,,6,DF 6C E0 68 DF 10,0x81C98,0x80EE7
character_name,84,translated_existing_bank,라이진,,6,E0 A6 E0 BD DF 10,0x81C9C,0x80EEE
character_name,85,preserved_v25_missing_glyph,오톤,톤,3,8F 95 34,0x81CA0,0x80EFC
character_name,86,translated_existing_bank,초코,,4,DF EB DF A3,0x81CA4,0x80F05
character_name,87,translated_existing_bank,헤모지,,6,DF 9D E0 11 E0 A2,0x81CA8,0x80EF5
character_name,88,translated_existing_bank,불꽃,,4,E0 0A DF 99,0x81CAC,0x81701
character_name,89,translated_existing_bank,,,0,,0x81CB0,0x804A3
character_name,90,translated_existing_bank,,,0,,0x81CB4,0x804A3
character_name,91,translated_existing_bank,,,0,,0x81CB8,0x804A3
character_name,92,translated_existing_bank,,,0,,0x81CBC,0x804A3
character_name,93,translated_existing_bank,,,0,,0x81CC0,0x804A3
character_name,94,translated_existing_bank,,,0,,0x81CC4,0x804A3
character_name,95,translated_existing_bank,,,0,,0x81CC8,0x804A3
character_name,96,translated_existing_bank,,,0,,0x81CCC,0x804A3
character_name,97,translated_existing_bank,,,0,,0x81CD0,0x804A3
character_name,98,translated_existing_bank,,,0,,0x81CD4,0x804A3
character_name,99,translated_existing_bank,,,0,,0x81CD8,0x804A3
character_name,100,translated_existing_bank,다크 아크,,9,E0 C1 E0 9D 9C E0 9C E0 9D,0x81CDC,0x8183C
character_name,101,translated_existing_bank,다크 쿠쿠루,,11,E0 C1 E0 9D 9C E0 7A E0 7A E0 44,0x81CE0,0x81846
character_name,102,translated_existing_bank,다크 토슈,,9,E0 C1 E0 9D 9C E0 7E DE DD,0x81CE4,0x81852
character_name,103,translated_existing_bank,다크 포코,,9,E0 C1 E0 9D 9C DF 02 DF A3,0x81CE8,0x8185C
character_name,104,translated_existing_bank,다크 이가,,9,E0 C1 E0 9D 9C E0 BD E0 C0,0x81CEC,0x81866
character_name,105,preserved_v25_missing_glyph,다크 고겐,겐,7,67 31 4E 65 31 DD 02,0x81CF0,0x81870
character_name,106,preserved_v25_missing_glyph,다크 마샬,샬,8,67 31 4E 64 31 60 D6 53,0x81CF4,0x81878
character_name,107,translated_existing_bank,다크 촌가라,,11,E0 C1 E0 9D 9C DF 83 E0 C0 E0 A6,0x81CF8,0x81881
region_name,0,translated_existing_bank,스메리아 공항,,13,E0 39 E0 8F E0 98 E0 9C 9C E0 C6 E0 87,0x81E38,0x8188D
region_name,1,translated_existing_bank,토우빌,,6,E0 7E E0 68 E0 54,0x81E3C,0x8189B
region_name,2,translated_existing_bank,팔렌시아 성,,11,DF 8B DF 95 E0 61 E0 9C 9C E0 5A,0x81E40,0x818A2
region_name,3,translated_existing_bank,올카스 언덕,,10,DE D9 DF E9 E0 39 9C E0 AE 44,0x81E44,0x818AE
region_name,4,translated_existing_bank,봉인의 폭포,,11,DF 93 E0 6A E0 9B 9C DE CB DF 02,0x81E48,0x818B9
region_name,5,translated_existing_bank,니르 평원,,9,E0 35 E0 46 9C DF 03 E0 FE,0x81E4C,0x818C5
region_name,6,translated_existing_bank,카라간 평야,,11,DF E9 E0 A6 E0 F7 9C DF 03 E0 DA,0x81E50,0x818CF
region_name,7,translated_existing_bank,쿠나 언덕,,8,E0 7A E0 99 9C E0 AE 44,0x81E54,0x818DB
region_name,8,translated_existing_bank,밀마나 공항,,11,E0 51 E0 9E E0 99 9C E0 C6 E0 87,0x81E58,0x818E4
region_name,9,translated_existing_bank,수도 군본부,,11,DF B7 E0 A7 9C E0 C5 E0 52 E0 0B,0x81E5C,0x818F0
region_name,10,translated_existing_bank,토요케 숲,,9,E0 7E E0 66 E0 78 9C E0 5E,0x81E60,0x818FC
region_name,11,translated_existing_bank,루와지 숲,,9,E0 44 E0 64 E0 A2 9C E0 5E,0x81E64,0x81906
region_name,12,translated_existing_bank,카카라스 숲,,11,DF E9 DF E9 E0 A6 E0 39 9C E0 5E,0x81E68,0x81910
region_name,13,translated_existing_bank,센바라 늘,,9,DE 34 DF 6E E0 A6 9C DF D7,0x81E6C,0x8191C
region_name,14,translated_existing_bank,그레이시누 공항,,15,E0 29 DF D2 E0 BD E0 61 E0 34 9C E0 C6 E0 87,0x81E70,0x81926
region_name,15,translated_existing_bank,라마다사,,8,E0 A6 E0 9E E0 C1 E0 A5,0x81E74,0x81936
region_name,16,translated_existing_bank,라마다산,,8,E0 A6 E0 9E E0 C1 E0 55,0x81E78,0x8193F
region_name,17,translated_existing_bank,아라라토스 공항,,15,E0 9C E0 A6 E0 A6 E0 7E E0 39 9C E0 C6 E0 87,0x81E7C,0x81948
region_name,18,translated_existing_bank,촌가라의 가게,,13,DF 83 E0 C0 E0 A6 E0 9B 9C E0 C0 E0 14,0x81E80,0x81958
region_name,19,translated_existing_bank,유적 던전,,9,E0 AD DF F2 9C DF 69 E0 CC,0x81E84,0x81966
region_name,20,translated_existing_bank,아제다 고지,,11,E0 9C E0 AA E0 C1 9C E0 7F E0 A2,0x81E88,0x81970
region_name,21,preserved_v25_missing_glyph,아리바샤 공항,샤,10,42 6B AF 31 60 D6 DD 18 DD 4A,0x81E8C,0x8197C
region_name,22,translated_existing_bank,사류족 마을,,11,E0 A5 E0 45 E0 CD 9C E0 9E E0 A3,0x81E90,0x81987
region_name,23,translated_existing_bank,물의 신전,,9,E0 4F E0 9B 9C E0 C3 E0 CC,0x81E94,0x81993
region_name,24,preserved_v25_missing_glyph,리덴 유적,덴,8,6F 65 81 34 DD 8F DD 9D,0x81E98,0x8199D
region_name,25,translated_existing_bank,사라 사막,,9,E0 A5 E0 A6 9C E0 A5 DF 39,0x81E9C,0x819A6
region_name,26,preserved_v25_missing_glyph,라슈마 암장,암,8,65 60 AB 64 1C 1B 43 89,0x81EA0,0x819B0
region_name,27,translated_existing_bank,카델 공항,,9,DF E9 DF 68 9C E0 C6 E0 87,0x81EA4,0x819B9
region_name,28,translated_existing_bank,투기장,,6,E0 EF E0 AC E0 E1,0x81EA8,0x819C3
region_name,29,preserved_v25_missing_glyph,클라프섬,클,5,4E 57 A6 DE 05,0x81EAC,0x819CA
location_name,0,translated_existing_bank,,,0,,0x82170,0x804A3
location_name,1,translated_existing_bank,산정의 사당,,11,E0 55 E0 EB E0 9B 9C E0 A5 DF 47,0x82174,0x819D0
location_name,2,translated_existing_bank,아크의 집,,9,E0 9C E0 9D E0 9B 9C E0 D2,0x82178,0x819DC
location_name,3,translated_existing_bank,정령의 산,,9,E0 EB E0 EE E0 9B 9C E0 55,0x8217C,0x819E6
location_name,4,translated_existing_bank,마을 입구,,9,E0 9E E0 A3 9C E0 C9 E0 24,0x82180,0x819F0
location_name,5,translated_existing_bank,정령의 산,,9,E0 EB E0 EE E0 9B 9C E0 55,0x82184,0x819E6
location_name,6,translated_existing_bank,팔렌시아 성,,11,DF 8B DF 95 E0 61 E0 9C 9C E0 5A,0x82188,0x818A2
location_name,7,preserved_v25_missing_glyph,알현실,현,5,DF 54 A0 1C 88,0x8218C,0x819FA
location_name,8,translated_existing_bank,스메리아 공항,,13,E0 39 E0 8F E0 98 E0 9C 9C E0 C6 E0 87,0x82190,0x8188D
location_name,9,translated_existing_bank,팔렌시아 전망대,,15,DF 8B DF 95 E0 61 E0 9C 9C E0 CC E0 4A E0 36,0x82194,0x81A00
location_name,10,translated_existing_bank,대신의 방,,9,E0 36 E0 C3 E0 9B 9C E0 0F,0x82198,0x81A10
location_name,11,translated_existing_bank,밀마나 공항,,11,E0 51 E0 9E E0 99 9C E0 C6 E0 87,0x8219C,0x818E4
location_name,12,translated_existing_bank,밀마나 군본부,,13,E0 51 E0 9E E0 99 9C E0 C5 E0 52 E0 0B,0x821A0,0x81A1A
location_name,13,translated_existing_bank,장군의 방,,9,E0 E1 E0 C5 E0 9B 9C E0 0F,0x821A4,0x81A28
location_name,14,translated_existing_bank,토요케 숲,,9,E0 7E E0 66 E0 78 9C E0 5E,0x821A8,0x818FC
location_name,15,preserved_v25_missing_glyph,팔렌시아 지하창고,창,13,A3 6F 34 60 42 DD 17 90 70 DE 32 DE 3F,0x821AC,0x81A32
location_name,16,translated_existing_bank,팔렌시아 지하감옥,,17,DF 8B DF 95 E0 61 E0 9C 9C E0 A2 E0 C4 E0 01 DF 19,0x821B0,0x81A40
location_name,17,translated_existing_bank,올카스 언덕,,10,DE D9 DF E9 E0 39 9C E0 AE 44,0x821B4,0x818AE
location_name,18,preserved_v25_missing_glyph,환계,환,4,DD F2 DD 12,0x821B8,0x81A52
location_name,19,translated_existing_bank,아라라토스 공항,,15,E0 9C E0 A6 E0 A6 E0 7E E0 39 9C E0 C6 E0 87,0x821BC,0x81948
location_name,20,translated_existing_bank,촌가라의 가게,,13,DF 83 E0 C0 E0 A6 E0 9B 9C E0 C0 E0 14,0x821C0,0x81958
location_name,21,translated_existing_bank,아제다 고지 동굴,,16,E0 9C E0 AA E0 C1 9C E0 7F E0 A2 9C E0 94 DF DC,0x821C4,0x81A57
location_name,22,translated_existing_bank,아제다 고지 외부,,16,E0 9C E0 AA E0 C1 9C E0 7F E0 A2 9C DF 5E E0 0B,0x821C8,0x81A68
location_name,23,translated_existing_bank,유적 던전,,9,E0 AD DF F2 9C DF 69 E0 CC,0x821CC,0x81966
location_name,24,translated_existing_bank,그레이시누 공항,,15,E0 29 DF D2 E0 BD E0 61 E0 34 9C E0 C6 E0 87,0x821D0,0x81926
location_name,25,translated_existing_bank,라마다사 도장,,13,E0 A6 E0 9E E0 C1 E0 A5 9C E0 A7 E0 E1,0x821D4,0x81A79
location_name,26,translated_existing_bank,라마다사 승정의 방,,18,E0 A6 E0 9E E0 C1 E0 A5 9C E0 FF E0 EB E0 9B 9C E0 0F,0x821D8,0x81A87
location_name,27,translated_existing_bank,라마다산 정상,,13,E0 A6 E0 9E E0 C1 E0 55 9C E0 EB E0 56,0x821DC,0x81A9A
location_name,28,translated_existing_bank,라마다사,,8,E0 A6 E0 9E E0 C1 E0 A5,0x821E0,0x81936
location_name,29,translated_existing_bank,카델 공항,,9,DF E9 DF 68 9C E0 C6 E0 87,0x821E4,0x819B9
location_name,30,preserved_v25_missing_glyph,니로시암 대기실,암,10,D1 A2 60 42 D8 7D 20 46 DE DF,0x821E8,0x81AA8
location_name,31,preserved_v25_missing_glyph,니로시암 무대,암,8,D1 A2 60 42 D8 CA 1F 1B,0x821EC,0x81AB3
location_name,32,preserved_v25_missing_glyph,아리바샤 공항,샤,10,42 6B AF 31 60 D6 DD 18 DD 4A,0x821F0,0x8197C
location_name,33,translated_existing_bank,사류족 마을,,11,E0 A5 E0 45 E0 CD 9C E0 9E E0 A3,0x821F4,0x81987
location_name,34,translated_existing_bank,물의 신전,,9,E0 4F E0 9B 9C E0 C3 E0 CC,0x821F8,0x81993
location_name,35,preserved_v25_missing_glyph,지하 엘리베이터,베,9,90 70 DD 23 6F DD B4 31 62,0x821FC,0x81ABC
location_name,36,translated_existing_bank,지하 바이오 연구실,,18,E0 A2 E0 C4 9C DF 6E E0 BD E0 62 9C DF 1C E0 24 DF 26,0x82200,0x81AC6
location_name,37,translated_existing_bank,팔렌시아 시가지,,15,DF 8B DF 95 E0 61 E0 9C 9C E0 61 E0 C0 E0 A2,0x82204,0x81AD9
location_name,38,translated_existing_bank,성관 봉인의 폭포 외부,,21,E0 5A E0 F3 9C DF 93 E0 6A E0 9B 9C DE CB DF 02 9C DF 5E E0 0B,0x82208,0x81AE9
location_name,39,translated_existing_bank,성관 봉인의 폭포 내부,,21,E0 5A E0 F3 9C DF 93 E0 6A E0 9B 9C DE CB DF 02 9C DF 97 E0 0B,0x8220C,0x81AFF
location_name,40,preserved_v25_missing_glyph,토우빌 암벽,벽암,12,5C 71 DD 39 DD 03 53 2A 2D DF 5F 44,0x82210,0x81B15
location_name,41,translated_existing_bank,해변의 비행선,,13,E0 88 DE 3C E0 9B 9C E0 53 E0 8B E0 58,0x82214,0x81B22
location_name,42,translated_existing_bank,니르 평원,,9,E0 35 E0 46 9C DF 03 E0 FE,0x82218,0x818C5
location_name,43,translated_existing_bank,카라간 평야,,11,DF E9 E0 A6 E0 F7 9C DF 03 E0 DA,0x8221C,0x818CF
location_name,44,translated_existing_bank,쿠나 언덕,,8,E0 7A E0 99 9C E0 AE 44,0x82220,0x818DB
location_name,45,translated_existing_bank,루와지 숲,,9,E0 44 E0 64 E0 A2 9C E0 5E,0x82224,0x81906
location_name,46,translated_existing_bank,카카라스 숲,,11,DF E9 DF E9 E0 A6 E0 39 9C E0 5E,0x82228,0x81910
location_name,47,translated_existing_bank,센바라 늘,,9,DE 34 DF 6E E0 A6 9C DF D7,0x8222C,0x8191C
location_name,48,preserved_v25_missing_glyph,리덴 유적,덴,8,6F 65 81 34 DD 8F DD 9D,0x82230,0x8199D
location_name,49,translated_existing_bank,사라 사막,,9,E0 A5 E0 A6 9C E0 A5 DF 39,0x82234,0x819A6
location_name,50,preserved_v25_missing_glyph,라슈마 암장,암,8,65 60 AB 64 1C 1B 43 89,0x82238,0x819B0
location_name,51,preserved_v25_missing_glyph,니로시암 투기장,암,9,D1 A2 60 42 D8 93 DD 4C 89,0x8223C,0x81B30
location_name,52,translated_existing_bank,라마다사 도장,,13,E0 A6 E0 9E E0 C1 E0 A5 9C E0 A7 E0 E1,0x82240,0x81A79
location_name,53,preserved_v25_missing_glyph,클라프섬 공항,클,10,4E 57 31 A6 DE 05 DD 18 DD 4A,0x82244,0x81B3A
location_name,54,preserved_v25_missing_glyph,클라프탑 최상층,층클,11,4E 57 31 A6 36 26 DD 2B B9 DD B2,0x82248,0x81CFC
