member,start,end_exclusive,length,before_hex,after_hex
1/S1071.DAT,0x478D6,0x478FD,39,DD 0B D4 25 E6 01 3A 3F 24 2E 1C DD FF 20 33 DD 66 28 E6 01 3B 27 46 83 DD A0 65 5C DD 5E 1C 7E 1E 20 86 32 1D 1B 37,E0 93 E0 8E E0 41 01 E0 95 E0 8E E0 42 01 E0 93 E0 8E E0 45 01 E0 9B E0 3E 01 E0 9C E0 3E 01 E0 91 E0 40 00 00 00 00
1/S1071.DAT,0x47932,0x4795B,41,DD 7E DD 87 54 3B 39 24 E6 01 2E 1C DD 0B 20 33 56 1E 21 3E 32 22 1C 3C E6 01 92 DD 42 23 A4 DD E6 23 1E 21 3E 32 22 1C 3C,E0 99 E0 8F E0 3C 01 E0 98 E0 8D E0 3C 01 E0 9A E0 8F E0 3C 01 E0 95 E0 90 E0 44 00 00 00 00 00 00 00 00 00 00 00 00 00 00
1/S1071.DAT,0x4798E,0x479C5,55,DD 0B D4 25 E6 01 3F 3F 92 DD 42 35 36 38 37 E6 01 30 38 41 1C AE 23 24 60 8F 34 9B 1C 9B DD EA 23 3F 22 E6 01 DD 0F DD 44 09 97 26 1B 2D 0A 1C BF 2F DF 61 DF 61 37,E0 9B E0 3B 01 E0 9B E0 39 01 E0 92 E0 3F 01 E0 94 E0 43 01 E0 97 E0 3A 01 E0 96 E0 3D 00 00 00 00 00 00 00 00 00 00 00 00 00 00 00 00 00 00 00 00 00 00 00 00 00 00
COMM.IMG,0x1F83D,0x1F840,3,00 00 00,80 FE 5F
COMM.IMG,0x1F843,0x1F846,3,00 00 00,32 33 03
COMM.IMG,0x1FBB7,0x1FBBA,3,00 00 00,EC 8E 08
COMM.IMG,0x1FBBD,0x1FBC1,4,00 00 00 00,50 55 F7 0D
COMM.IMG,0x1FBC4,0x1FBC7,3,00 00 00,20 13 01
COMM.IMG,0x1FF30,0x1FF33,3,00 00 00,E8 CE 88
COMM.IMG,0x1FF36,0x1FF3B,5,00 00 00 00 00,11 73 37 88 08
COMM.IMG,0x1FF3E,0x1FF41,3,00 00 00,54 53 8D
COMM.IMG,0x1FF44,0x1FF47,3,00 00 00,22 02 11
COMM.IMG,0x202B0,0x202B4,4,00 00 00 00,20 42 C4 08
COMM.IMG,0x202B6,0x202BB,5,00 00 00 00 00,60 46 74 03 88
COMM.IMG,0x202BD,0x202C1,4,00 00 00 00,50 35 66 0F
COMM.IMG,0x202C4,0x202C7,3,00 00 00,02 22 03
COMM.IMG,0x20630,0x20634,4,00 00 00 00,20 02 C0 04
COMM.IMG,0x20636,0x2063B,5,00 00 00 00 00,20 62 77 02 88
COMM.IMG,0x2063D,0x20641,4,00 00 00 00,10 67 94 09
COMM.IMG,0x20643,0x20644,1,00,20
COMM.IMG,0x20645,0x20647,2,00 00,10 01
COMM.IMG,0x209B0,0x209B3,3,00 00 00,20 02 CC
COMM.IMG,0x209B7,0x209BB,4,00 00 00 00,55 41 04 88
COMM.IMG,0x209BD,0x209C0,3,00 00 00,10 11 11
COMM.IMG,0x20D30,0x20D34,4,00 00 00 00,20 CA 04 22
COMM.IMG,0x20D36,0x20D39,3,00 00 00,50 05 40
COMM.IMG,0x20D3A,0x20D3B,1,00,08
COMM.IMG,0x210B0,0x210B4,4,00 00 00 00,A0 2A 22 02
COMM.IMG,0x210B7,0x210BB,4,00 00 00 00,44 44 80 08
COMM.IMG,0x22246,0x22247,1,00,08
COMM.IMG,0x2224C,0x2224D,1,00,01
COMM.IMG,0x225C6,0x225C8,2,00 00,EE 01
COMM.IMG,0x225CC,0x225CD,1,00,11
COMM.IMG,0x22940,0x22942,2,00 00,C8 04
COMM.IMG,0x22945,0x22948,3,00 00 00,10 EF 01
COMM.IMG,0x2294C,0x2294D,1,00,11
COMM.IMG,0x22CC0,0x22CC2,2,00 00,C8 04
COMM.IMG,0x22CC5,0x22CC8,3,00 00 00,54 FF 23
COMM.IMG,0x22CCC,0x22CCD,1,00,11
COMM.IMG,0x2303E,0x23042,4,00 00 00 00,20 02 C8 8C
COMM.IMG,0x23045,0x23048,3,00 00 00,10 EF 89
COMM.IMG,0x2304B,0x2304D,2,00 00,11 11
COMM.IMG,0x233B6,0x233C2,12,00 00 00 00 00 00 00 00 00 00 00 00,80 88 AC 88 88 88 10 11 31 93 D9 15
COMM.IMG,0x233C5,0x233C8,3,00 00 00,10 EF 01
COMM.IMG,0x233CC,0x233CD,1,00,11
COMM.IMG,0x23738,0x2373A,2,00 00,64 88
COMM.IMG,0x2373C,0x23742,6,00 00 00 00 00 00,E0 6E 66 B7 EA 26
COMM.IMG,0x23745,0x23748,3,00 00 00,10 EF 01
COMM.IMG,0x2374C,0x2374D,1,00,11
COMM.IMG,0x23AB2,0x23AB5,3,00 00 00,EC EE 2A
COMM.IMG,0x23AB7,0x23ABA,3,00 00 00,10 75 99
COMM.IMG,0x23ABC,0x23AC2,6,00 00 00 00 00 00,80 08 40 DD CC 04
COMM.IMG,0x23AC6,0x23AC7,1,00,88
COMM.IMG,0x23ACC,0x23ACD,1,00,11
COMM.IMG,0x23E33,0x23E35,2,00 00,40 A8
COMM.IMG,0x23E38,0x23E3B,3,00 00 00,64 10 01
COMM.IMG,0x23E3C,0x23E42,6,00 00 00 00 00 00,80 08 C4 19 C8 04
COMM.IMG,0x23E46,0x23E47,1,00,88
COMM.IMG,0x23E4C,0x23E4D,1,00,11
COMM.IMG,0x241B2,0x241B5,3,00 00 00,40 44 EC
COMM.IMG,0x241B6,0x241BB,5,00 00 00 00 00,60 66 66 76 67
COMM.IMG,0x241BD,0x241C2,5,00 00 00 00 00,88 4C 11 C8 04
COMM.IMG,0x241C6,0x241C7,1,00,88
COMM.IMG,0x241CC,0x241CD,1,00,11
COMM.IMG,0x24532,0x24535,3,00 00 00,40 44 2E
COMM.IMG,0x24539,0x2453A,1,00,10
COMM.IMG,0x2453E,0x24542,4,00 00 00 00,04 11 C8 04
COMM.IMG,0x24546,0x24547,1,00,88
COMM.IMG,0x2454C,0x2454D,1,00,11
COMM.IMG,0x248B3,0x248B5,2,00 00,80 2A
PSX.EXE,0x50E3C,0x50E41,5,0D 00 C3 90 0F,34 3F 06 08 0D
PSX.EXE,0x50E42,0x50E43,1,C5,C3
PSX.EXE,0x754D0,0x754D1,1,00,0F
PSX.EXE,0x754D2,0x754D9,7,00 00 00 00 00 00 00,C5 90 9B FB 81 24 10
PSX.EXE,0x754DA,0x754DD,3,00 00 00,21 2C 0A
PSX.EXE,0x754DE,0x754E1,3,00 00 00,C4 94 06
PSX.EXE,0x754E2,0x754E5,3,00 00 00,C2 94 03
PSX.EXE,0x754E6,0x754EB,5,00 00 00 00 00,20 14 21 18 65
PSX.EXE,0x754EC,0x754EF,3,00 00 00,21 10 43
PSX.EXE,0x754F0,0x754F1,1,00,06
PSX.EXE,0x754F2,0x754F5,3,00 00 00,C2 A4 01
PSX.EXE,0x754F6,0x754F9,3,00 00 00,84 24 0A
PSX.EXE,0x754FA,0x754FD,3,00 00 00,C4 A4 08
PSX.EXE,0x754FE,0x75500,2,00 00,E0 03
