file,size,in_patch_zip,whole_file_changed,changed_bytes,corpus_total,high,medium,low,e2_valid,e2_other,inline_changed,original_high,occupied_slots,free_slots,remaining_for_e2,capacity_state
1/S1011.DAT,305152,1,1,680,9,9,0,0,9,0,0,0,9,70,0,covered
1/S1012.DAT,305152,0,0,0,0,0,0,0,0,0,0,0,0,79,0,no_high_confidence_dialogue
1/S1013.DAT,305152,1,1,630,9,9,0,0,9,0,0,0,9,70,0,covered
1/S1021.DAT,305152,1,1,3479,50,50,0,0,50,0,0,0,50,29,0,covered
1/S1022.DAT,305152,1,1,657,12,12,0,0,12,0,0,0,12,67,0,covered
1/S1023.DAT,305152,1,1,2246,32,32,0,0,29,0,3,0,29,50,3,fits_current_e2_bank
1/S1031.DAT,305152,1,1,20,1,0,1,0,0,0,0,0,1,78,0,no_high_confidence_dialogue
1/S1032.DAT,305152,0,0,0,1,0,1,0,0,0,0,0,0,79,0,no_high_confidence_dialogue
1/S1041.DAT,305152,1,1,2038,38,31,7,0,31,0,0,0,31,48,0,covered
1/S1051.DAT,305152,1,0,0,21,0,21,0,0,0,0,0,0,79,0,no_high_confidence_dialogue
1/S1061.DAT,305152,1,1,1868,25,25,0,0,25,0,0,0,25,54,0,covered
1/S1071.DAT,305152,1,1,353,9,4,5,0,4,0,0,0,4,75,0,covered
1/S1072.DAT,305152,1,1,800,10,10,0,0,10,0,0,0,10,69,0,covered
21/S2011.DAT,305152,1,1,506,7,7,0,0,7,0,0,0,7,72,0,covered
21/S2012.DAT,305152,1,1,51,2,2,0,0,2,0,0,0,2,77,0,covered
21/S2013.DAT,305152,0,0,0,21,20,1,0,0,0,0,20,0,79,20,fits_current_e2_bank
21/S2014.DAT,305152,0,0,0,18,18,0,0,0,0,0,18,0,79,18,fits_current_e2_bank
21/S2021.DAT,305152,1,1,677,33,12,21,0,12,0,0,0,67,12,0,covered
21/S2022.DAT,305152,0,0,0,15,15,0,0,0,0,0,15,0,79,15,fits_current_e2_bank
21/S2031.DAT,305152,1,1,61,6,1,5,0,1,0,0,0,1,78,0,covered
21/S2032.DAT,305152,0,0,0,5,0,5,0,0,0,0,0,0,79,0,no_high_confidence_dialogue
21/S2033.DAT,305152,1,1,436,15,11,4,0,11,0,0,0,11,68,0,covered
21/S2034.DAT,305152,0,0,0,2,2,0,0,0,0,0,2,0,79,2,fits_current_e2_bank
21/S2041.DAT,305152,1,1,1866,39,22,17,0,19,0,3,0,19,60,3,fits_current_e2_bank
21/S2042.DAT,305152,0,0,0,31,14,17,0,0,0,0,14,0,79,14,fits_current_e2_bank
21/S2043.DAT,305152,0,0,0,18,1,17,0,0,0,0,1,0,79,1,fits_current_e2_bank
21/S2044.DAT,305152,0,0,0,38,21,17,0,0,0,0,21,0,79,21,fits_current_e2_bank
21/S2045.DAT,305152,0,0,0,95,78,17,0,0,0,0,78,31,48,78,needs_choice_inline_or_bank_extension
22/S2046.DAT,305152,0,0,0,73,54,19,0,0,0,0,54,0,79,54,fits_current_e2_bank
22/S2047.DAT,305152,0,0,0,25,8,17,0,0,0,0,8,0,79,8,fits_current_e2_bank
22/S2051.DAT,305152,1,1,1619,24,22,2,0,22,0,0,0,22,57,0,covered
22/S2052.DAT,305152,1,1,1441,22,21,1,0,21,0,0,0,21,58,0,covered
22/S2053.DAT,305152,1,1,695,11,9,2,0,9,0,0,0,9,70,0,covered
22/S2054.DAT,305152,0,0,0,7,6,1,0,0,0,0,6,0,79,6,fits_current_e2_bank
22/S2055.DAT,305152,0,0,0,26,25,1,0,0,0,0,25,0,79,25,fits_current_e2_bank
22/S2056.DAT,305152,0,0,0,10,9,1,0,0,0,0,9,0,79,9,fits_current_e2_bank
22/S2057.DAT,305152,1,1,589,11,10,1,0,10,0,0,0,10,69,0,covered
22/S2058.DAT,305152,0,0,0,5,4,1,0,0,0,0,4,0,79,4,fits_current_e2_bank
22/S2059.DAT,305152,0,0,0,5,4,1,0,0,0,0,4,0,79,4,fits_current_e2_bank
22/S205A.DAT,305152,0,0,0,4,3,1,0,0,0,0,3,0,79,3,fits_current_e2_bank
22/S205B.DAT,305152,0,0,0,6,5,1,0,0,0,0,5,0,79,5,fits_current_e2_bank
22/S205C.DAT,305152,0,0,0,26,19,7,0,0,0,0,19,1,78,19,fits_current_e2_bank
23/S2061.DAT,305152,1,1,1192,39,17,22,0,17,0,0,0,48,31,0,covered
23/S2071.DAT,305152,0,0,0,16,16,0,0,0,0,0,16,0,79,16,fits_current_e2_bank
23/S2081.DAT,305152,1,1,557,8,7,1,0,7,0,0,0,7,72,0,covered
23/S2082.DAT,305152,1,1,576,10,9,1,0,9,0,0,0,9,70,0,covered
31/S3011.DAT,305152,1,1,42,19,1,18,0,0,0,1,0,0,79,1,fits_current_e2_bank
31/S3012.DAT,305152,1,1,813,31,14,17,0,12,1,1,0,13,66,1,fits_current_e2_bank
31/S3013.DAT,305152,0,0,0,33,16,17,0,0,0,0,16,0,79,16,fits_current_e2_bank
31/S3014.DAT,305152,0,0,0,96,79,17,0,0,0,0,79,63,16,79,needs_choice_inline_or_bank_extension
31/S3021.DAT,305152,0,0,0,32,0,32,0,0,0,0,0,0,79,0,no_high_confidence_dialogue
31/S3022.DAT,305152,1,1,1868,68,36,32,0,35,0,1,0,35,44,1,fits_current_e2_bank
31/S3023.DAT,305152,1,1,408,58,26,32,0,0,0,17,9,0,79,26,fits_current_e2_bank
31/S3024.DAT,305152,1,1,1585,103,69,34,0,0,0,57,12,63,16,69,needs_choice_inline_or_bank_extension
31/S3031.DAT,305152,1,1,1492,28,27,1,0,27,0,0,0,27,52,0,covered
31/S3032.DAT,305152,0,0,0,13,12,1,0,0,0,0,12,0,79,12,fits_current_e2_bank
31/S3041.DAT,305152,0,0,0,0,0,0,0,0,0,0,0,0,79,0,no_high_confidence_dialogue
32/S3051.DAT,305152,0,0,0,24,3,21,0,0,0,0,3,78,1,3,needs_choice_inline_or_bank_extension
32/S3061.DAT,305152,0,0,0,35,35,0,0,0,0,0,35,0,79,35,fits_current_e2_bank
32/S3062.DAT,305152,0,0,0,5,5,0,0,0,0,0,5,0,79,5,fits_current_e2_bank
32/S3063.DAT,305152,0,0,0,6,6,0,0,0,0,0,6,0,79,6,fits_current_e2_bank
32/S3064.DAT,305152,0,0,0,4,4,0,0,0,0,0,4,0,79,4,fits_current_e2_bank
32/S3065.DAT,305152,0,0,0,3,3,0,0,0,0,0,3,0,79,3,fits_current_e2_bank
32/S3066.DAT,305152,0,0,0,5,5,0,0,0,0,0,5,0,79,5,fits_current_e2_bank
32/S3067.DAT,305152,0,0,0,6,6,0,0,0,0,0,6,0,79,6,fits_current_e2_bank
32/S3068.DAT,305152,0,0,0,7,7,0,0,0,0,0,7,0,79,7,fits_current_e2_bank
4/S4011.DAT,305152,0,0,0,49,27,22,0,0,0,0,27,31,48,27,fits_current_e2_bank
4/S4012.DAT,305152,0,0,0,3,2,1,0,0,0,0,2,0,79,2,fits_current_e2_bank
4/S4013.DAT,305152,0,0,0,4,0,4,0,0,0,0,0,0,79,0,no_high_confidence_dialogue
4/S4021.DAT,305152,0,0,0,11,9,2,0,0,0,0,9,0,79,9,fits_current_e2_bank
4/S4022.DAT,305152,0,0,0,15,15,0,0,0,0,0,15,0,79,15,fits_current_e2_bank
4/S4031.DAT,305152,0,0,0,40,38,2,0,0,0,0,38,0,79,38,fits_current_e2_bank
4/S4032.DAT,305152,0,0,0,41,10,31,0,0,0,0,10,0,79,10,fits_current_e2_bank
4/S4033.DAT,305152,0,0,0,65,34,31,0,0,0,0,34,0,79,34,fits_current_e2_bank
4/S4034.DAT,305152,0,0,0,61,30,31,0,0,0,0,30,0,79,30,fits_current_e2_bank
4/S4035.DAT,305152,0,0,0,57,26,31,0,0,0,0,26,0,79,26,fits_current_e2_bank
4/S4036.DAT,305152,0,0,0,56,24,32,0,0,0,0,24,0,79,24,fits_current_e2_bank
4/S4041.DAT,305152,1,1,99,5,5,0,0,0,0,5,0,0,79,5,fits_current_e2_bank
4/S4051.DAT,305152,0,0,0,21,0,21,0,0,0,0,0,0,79,0,no_high_confidence_dialogue
4/S4061.DAT,305152,0,0,0,2,2,0,0,0,0,0,2,0,79,2,fits_current_e2_bank
4/S4062.DAT,305152,0,0,0,1,1,0,0,0,0,0,1,0,79,1,fits_current_e2_bank
5/S5011.DAT,305152,0,0,0,28,11,17,0,0,0,0,11,0,79,11,fits_current_e2_bank
5/S5012.DAT,305152,0,0,0,31,14,17,0,0,0,0,14,0,79,14,fits_current_e2_bank
5/S5013.DAT,305152,0,0,0,96,79,17,0,0,0,0,79,31,48,79,needs_choice_inline_or_bank_extension
5/S5021.DAT,305152,0,0,0,35,35,0,0,0,0,0,35,0,79,35,fits_current_e2_bank
5/S5022.DAT,305152,0,0,0,4,4,0,0,0,0,0,4,0,79,4,fits_current_e2_bank
5/S5023.DAT,305152,0,0,0,10,10,0,0,0,0,0,10,0,79,10,fits_current_e2_bank
5/S5024.DAT,305152,0,0,0,2,2,0,0,0,0,0,2,0,79,2,fits_current_e2_bank
5/S5025.DAT,305152,0,0,0,11,11,0,0,0,0,0,11,0,79,11,fits_current_e2_bank
5/S5026.DAT,305152,0,0,0,1,1,0,0,0,0,0,1,0,79,1,fits_current_e2_bank
5/S5031.DAT,305152,0,0,0,28,1,27,0,0,0,0,1,19,60,1,fits_current_e2_bank
5/S5032.DAT,305152,0,0,0,3,3,0,0,0,0,0,3,0,79,3,fits_current_e2_bank
5/S5041.DAT,305152,0,0,0,15,15,0,0,0,0,0,15,0,79,15,fits_current_e2_bank
5/S5051.DAT,305152,0,0,0,0,0,0,0,0,0,0,0,0,79,0,no_high_confidence_dialogue
5/S5052.DAT,305152,0,0,0,9,9,0,0,0,0,0,9,0,79,9,fits_current_e2_bank
6/S6011.DAT,305152,0,0,0,20,2,18,0,0,0,0,2,0,79,2,fits_current_e2_bank
6/S6012.DAT,305152,0,0,0,25,8,17,0,0,0,0,8,0,79,8,fits_current_e2_bank
6/S6013.DAT,305152,0,0,0,32,15,17,0,0,0,0,15,0,79,15,fits_current_e2_bank
6/S6014.DAT,305152,0,0,0,87,70,17,0,0,0,0,70,31,48,70,needs_choice_inline_or_bank_extension
6/S6021.DAT,305152,0,0,0,25,4,21,0,0,0,0,4,31,48,4,fits_current_e2_bank
6/S6022.DAT,305152,0,0,0,7,4,3,0,0,0,0,4,0,79,4,fits_current_e2_bank
6/S6031.DAT,305152,0,0,0,12,12,0,0,0,0,0,12,0,79,12,fits_current_e2_bank
6/S6032.DAT,305152,0,0,0,8,8,0,0,0,0,0,8,0,79,8,fits_current_e2_bank
6/S6041.DAT,305152,0,0,0,37,14,23,0,0,0,0,14,38,41,14,fits_current_e2_bank
6/S6051.DAT,305152,0,0,0,13,13,0,0,0,0,0,13,0,79,13,fits_current_e2_bank
6/S6052.DAT,305152,0,0,0,1,1,0,0,0,0,0,1,0,79,1,fits_current_e2_bank
6/S6053.DAT,305152,0,0,0,13,13,0,0,0,0,0,13,0,79,13,fits_current_e2_bank
6/S6054.DAT,305152,0,0,0,80,80,0,0,0,0,0,80,79,0,80,needs_choice_inline_or_bank_extension
7/S7011.DAT,305152,0,0,0,28,11,17,0,0,0,0,11,0,79,11,fits_current_e2_bank
7/S7012.DAT,305152,0,0,0,80,63,17,0,0,0,0,63,31,48,63,needs_choice_inline_or_bank_extension
7/S7021.DAT,305152,0,0,0,60,30,30,0,0,0,0,30,0,79,30,fits_current_e2_bank
7/S7022.DAT,305152,0,0,0,58,28,30,0,0,0,0,28,0,79,28,fits_current_e2_bank
7/S7023.DAT,305152,0,0,0,60,30,30,0,0,0,0,30,0,79,30,fits_current_e2_bank
7/S7024.DAT,305152,0,0,0,61,31,30,0,0,0,0,31,0,79,31,fits_current_e2_bank
7/S7025.DAT,305152,0,0,0,62,32,30,0,0,0,0,32,0,79,32,fits_current_e2_bank
7/S7026.DAT,305152,0,0,0,70,40,30,0,0,0,0,40,0,79,40,fits_current_e2_bank
7/S7027.DAT,305152,0,0,0,50,27,23,0,0,0,0,27,53,26,27,needs_choice_inline_or_bank_extension
7/S7028.DAT,305152,0,0,0,80,50,30,0,0,0,0,50,31,48,50,needs_choice_inline_or_bank_extension
7/S7031.DAT,305152,0,0,0,4,4,0,0,0,0,0,4,0,79,4,fits_current_e2_bank
7/S7032.DAT,305152,0,0,0,9,9,0,0,0,0,0,9,0,79,9,fits_current_e2_bank
8/S8011.DAT,305152,0,0,0,23,6,17,0,0,0,0,6,0,79,6,fits_current_e2_bank
8/S8012.DAT,305152,0,0,0,29,12,17,0,0,0,0,12,0,79,12,fits_current_e2_bank
8/S8013.DAT,305152,0,0,0,43,26,17,0,0,0,0,26,31,48,26,fits_current_e2_bank
8/S8021.DAT,305152,0,0,0,20,19,1,0,0,0,0,19,0,79,19,fits_current_e2_bank
8/S8031.DAT,305152,0,0,0,34,12,22,0,0,0,0,12,31,48,12,fits_current_e2_bank
8/S8041.DAT,305152,0,0,0,10,8,2,0,0,0,0,8,0,79,8,fits_current_e2_bank
8/S8051.DAT,305152,0,0,0,29,7,22,0,0,0,0,7,38,41,7,fits_current_e2_bank
8/S8061.DAT,305152,0,0,0,18,18,0,0,0,0,0,18,0,79,18,fits_current_e2_bank
8/S8062.DAT,305152,0,0,0,13,13,0,0,0,0,0,13,0,79,13,fits_current_e2_bank
9/S9011.DAT,305152,0,0,0,0,0,0,0,0,0,0,0,0,79,0,no_high_confidence_dialogue
9/S9012.DAT,305152,0,0,0,7,7,0,0,0,0,0,7,0,79,7,fits_current_e2_bank
9/S9013.DAT,305152,0,0,0,4,4,0,0,0,0,0,4,0,79,4,fits_current_e2_bank
9/S9021.DAT,305152,0,0,0,23,2,21,0,0,0,0,2,31,48,2,fits_current_e2_bank
9/S9031.DAT,305152,0,0,0,25,4,21,0,0,0,0,4,31,48,4,fits_current_e2_bank
9/S9041.DAT,305152,0,0,0,3,3,0,0,0,0,0,3,0,79,3,fits_current_e2_bank
9/S9051.DAT,305152,0,0,0,18,18,0,0,0,0,0,18,0,79,18,fits_current_e2_bank
B/SB011.DAT,305152,0,0,0,21,0,21,0,0,0,0,0,0,79,0,no_high_confidence_dialogue
B/SB021.DAT,305152,0,0,0,4,3,1,0,0,0,0,3,0,79,3,fits_current_e2_bank
B/SB022.DAT,305152,0,0,0,26,21,5,0,0,0,0,21,0,79,21,fits_current_e2_bank
B/SB031.DAT,335872,0,0,0,25,0,25,0,0,0,0,0,0,79,0,no_high_confidence_dialogue
B/SB041.DAT,305152,0,0,0,8,3,5,0,0,0,0,3,0,79,3,fits_current_e2_bank
B/SB051.DAT,305152,0,0,0,4,0,4,0,0,0,0,0,0,79,0,no_high_confidence_dialogue
B/SB061.DAT,335872,0,0,0,0,0,0,0,0,0,0,0,0,79,0,no_high_confidence_dialogue
B/SB071.DAT,305152,0,0,0,76,3,73,0,0,0,0,3,0,79,3,fits_current_e2_bank
B/SB072.DAT,305152,0,0,0,80,12,68,0,0,0,0,12,0,79,12,fits_current_e2_bank
B/SB081.DAT,305152,0,0,0,24,0,24,0,0,0,0,0,31,48,0,no_high_confidence_dialogue
C1/SC011.DAT,305152,1,1,191,29,8,21,0,0,0,8,0,31,48,8,fits_current_e2_bank
C1/SC021.DAT,305152,0,0,0,28,7,21,0,0,0,0,7,31,48,7,fits_current_e2_bank
C1/SC031.DAT,305152,0,0,0,28,7,21,0,0,0,0,7,31,48,7,fits_current_e2_bank
C1/SC041.DAT,305152,0,0,0,28,7,21,0,0,0,0,7,60,19,7,fits_current_e2_bank
C1/SC051.DAT,305152,0,0,0,28,7,21,0,0,0,0,7,31,48,7,fits_current_e2_bank
C1/SC061.DAT,305152,0,0,0,28,7,21,0,0,0,0,7,36,43,7,fits_current_e2_bank
C1/SC071.DAT,335872,0,0,0,5,0,5,0,0,0,0,0,0,79,0,no_high_confidence_dialogue
C1/SC072.DAT,335872,0,0,0,5,0,5,0,0,0,0,0,0,79,0,no_high_confidence_dialogue
C1/SC081.DAT,305152,0,0,0,28,7,21,0,0,0,0,7,38,41,7,fits_current_e2_bank
C1/SC091.DAT,305152,0,0,0,28,7,21,0,0,0,0,7,31,48,7,fits_current_e2_bank
C2/SC0A1.DAT,305152,0,0,0,28,7,21,0,0,0,0,7,31,48,7,fits_current_e2_bank
C2/SC0B1.DAT,305152,0,0,0,21,0,21,0,0,0,0,0,0,79,0,no_high_confidence_dialogue
C2/SC0B2.DAT,305152,0,0,0,21,0,21,0,0,0,0,0,0,79,0,no_high_confidence_dialogue
C2/SC0B3.DAT,305152,0,0,0,21,0,21,0,0,0,0,0,0,79,0,no_high_confidence_dialogue
C2/SC0B4.DAT,305152,0,0,0,21,0,21,0,0,0,0,0,0,79,0,no_high_confidence_dialogue
C2/SC0B5.DAT,305152,0,0,0,21,0,21,0,0,0,0,0,0,79,0,no_high_confidence_dialogue
C2/SC0B6.DAT,305152,0,0,0,120,116,4,0,0,0,0,116,79,0,116,needs_choice_inline_or_bank_extension
C2/SC0C1.DAT,305152,0,0,0,28,7,21,0,0,0,0,7,31,48,7,fits_current_e2_bank
COMM.DAT,737280,0,0,0,0,0,0,0,0,0,0,0,79,0,0,no_high_confidence_dialogue
D/SD011.DAT,305152,1,1,976,14,10,4,0,10,0,0,0,13,66,0,covered
D/SD012.DAT,305152,1,1,227,6,3,3,0,3,0,0,0,3,76,0,covered
D/SD013.DAT,305152,1,1,332,9,6,3,0,6,0,0,0,6,73,0,covered
D/SD014.DAT,305152,0,0,0,9,6,3,0,0,0,0,6,0,79,6,fits_current_e2_bank
D/SD015.DAT,305152,0,0,0,9,6,3,0,0,0,0,6,0,79,6,fits_current_e2_bank
D/SD021.DAT,305152,0,0,0,9,9,0,0,0,0,0,9,0,79,9,fits_current_e2_bank
D/SD031.DAT,305152,1,0,0,45,44,1,0,0,0,0,44,63,16,44,needs_choice_inline_or_bank_extension
D/SD041.DAT,305152,0,0,0,0,0,0,0,0,0,0,0,0,79,0,no_high_confidence_dialogue
D/SD051.DAT,305152,0,0,0,0,0,0,0,0,0,0,0,0,79,0,no_high_confidence_dialogue
D/SD061.DAT,305152,0,0,0,0,0,0,0,0,0,0,0,0,79,0,no_high_confidence_dialogue
D/SD071.DAT,305152,0,0,0,29,6,23,0,0,0,0,6,52,27,6,fits_current_e2_bank
E1/SE011.DAT,305152,0,0,0,21,0,21,0,0,0,0,0,0,79,0,no_high_confidence_dialogue
E1/SE012.DAT,305152,0,0,0,21,0,21,0,0,0,0,0,0,79,0,no_high_confidence_dialogue
E1/SE013.DAT,305152,0,0,0,21,0,21,0,0,0,0,0,0,79,0,no_high_confidence_dialogue
E1/SE014.DAT,305152,0,0,0,21,0,21,0,0,0,0,0,0,79,0,no_high_confidence_dialogue
E1/SE015.DAT,305152,0,0,0,21,0,21,0,0,0,0,0,0,79,0,no_high_confidence_dialogue
E1/SE016.DAT,305152,0,0,0,21,0,21,0,0,0,0,0,0,79,0,no_high_confidence_dialogue
E1/SE017.DAT,305152,0,0,0,21,0,21,0,0,0,0,0,0,79,0,no_high_confidence_dialogue
E1/SE018.DAT,305152,0,0,0,21,0,21,0,0,0,0,0,0,79,0,no_high_confidence_dialogue
E1/SE019.DAT,305152,0,0,0,21,0,21,0,0,0,0,0,0,79,0,no_high_confidence_dialogue
E1/SE01A.DAT,305152,0,0,0,21,0,21,0,0,0,0,0,0,79,0,no_high_confidence_dialogue
E2/SE021.DAT,305152,0,0,0,21,0,21,0,0,0,0,0,0,79,0,no_high_confidence_dialogue
E2/SE022.DAT,305152,0,0,0,21,0,21,0,0,0,0,0,0,79,0,no_high_confidence_dialogue
E2/SE023.DAT,305152,0,0,0,21,0,21,0,0,0,0,0,0,79,0,no_high_confidence_dialogue
E2/SE024.DAT,305152,0,0,0,21,0,21,0,0,0,0,0,0,79,0,no_high_confidence_dialogue
E2/SE025.DAT,305152,0,0,0,21,0,21,0,0,0,0,0,0,79,0,no_high_confidence_dialogue
E2/SE026.DAT,305152,0,0,0,24,0,24,0,0,0,0,0,0,79,0,no_high_confidence_dialogue
E2/SE027.DAT,305152,0,0,0,24,0,24,0,0,0,0,0,0,79,0,no_high_confidence_dialogue
E2/SE028.DAT,305152,0,0,0,21,0,21,0,0,0,0,0,0,79,0,no_high_confidence_dialogue
E2/SE029.DAT,305152,0,0,0,21,0,21,0,0,0,0,0,0,79,0,no_high_confidence_dialogue
E2/SE02A.DAT,305152,0,0,0,21,0,21,0,0,0,0,0,0,79,0,no_high_confidence_dialogue
E3/SE031.DAT,305152,0,0,0,21,0,21,0,0,0,0,0,0,79,0,no_high_confidence_dialogue
E3/SE032.DAT,305152,0,0,0,21,0,21,0,0,0,0,0,0,79,0,no_high_confidence_dialogue
E3/SE033.DAT,305152,0,0,0,21,0,21,0,0,0,0,0,0,79,0,no_high_confidence_dialogue
E3/SE034.DAT,305152,0,0,0,21,0,21,0,0,0,0,0,0,79,0,no_high_confidence_dialogue
E3/SE035.DAT,305152,0,0,0,21,0,21,0,0,0,0,0,0,79,0,no_high_confidence_dialogue
E3/SE036.DAT,305152,0,0,0,24,0,24,0,0,0,0,0,0,79,0,no_high_confidence_dialogue
E3/SE037.DAT,305152,0,0,0,21,0,21,0,0,0,0,0,0,79,0,no_high_confidence_dialogue
E3/SE038.DAT,305152,0,0,0,21,0,21,0,0,0,0,0,0,79,0,no_high_confidence_dialogue
E3/SE039.DAT,305152,0,0,0,21,0,21,0,0,0,0,0,0,79,0,no_high_confidence_dialogue
E3/SE03A.DAT,305152,0,0,0,21,0,21,0,0,0,0,0,76,3,0,no_high_confidence_dialogue
E4/SE041.DAT,305152,0,0,0,21,0,21,0,0,0,0,0,0,79,0,no_high_confidence_dialogue
E4/SE042.DAT,305152,0,0,0,21,0,21,0,0,0,0,0,0,79,0,no_high_confidence_dialogue
E4/SE043.DAT,305152,0,0,0,21,0,21,0,0,0,0,0,0,79,0,no_high_confidence_dialogue
E4/SE044.DAT,305152,0,0,0,21,0,21,0,0,0,0,0,0,79,0,no_high_confidence_dialogue
E4/SE045.DAT,305152,0,0,0,21,0,21,0,0,0,0,0,0,79,0,no_high_confidence_dialogue
E4/SE046.DAT,305152,0,0,0,21,0,21,0,0,0,0,0,0,79,0,no_high_confidence_dialogue
E4/SE047.DAT,305152,0,0,0,21,0,21,0,0,0,0,0,0,79,0,no_high_confidence_dialogue
E4/SE048.DAT,305152,0,0,0,21,0,21,0,0,0,0,0,0,79,0,no_high_confidence_dialogue
E4/SE049.DAT,305152,0,0,0,21,0,21,0,0,0,0,0,0,79,0,no_high_confidence_dialogue
E4/SE04A.DAT,305152,0,0,0,21,0,21,0,0,0,0,0,0,79,0,no_high_confidence_dialogue
E5/SE051.DAT,305152,0,0,0,21,0,21,0,0,0,0,0,0,79,0,no_high_confidence_dialogue
E5/SE052.DAT,305152,0,0,0,21,0,21,0,0,0,0,0,0,79,0,no_high_confidence_dialogue
E5/SE053.DAT,305152,0,0,0,21,0,21,0,0,0,0,0,0,79,0,no_high_confidence_dialogue
E5/SE054.DAT,305152,0,0,0,21,0,21,0,0,0,0,0,0,79,0,no_high_confidence_dialogue
E5/SE055.DAT,305152,0,0,0,21,0,21,0,0,0,0,0,0,79,0,no_high_confidence_dialogue
E5/SE056.DAT,305152,0,0,0,21,0,21,0,0,0,0,0,0,79,0,no_high_confidence_dialogue
E5/SE057.DAT,305152,0,0,0,21,0,21,0,0,0,0,0,0,79,0,no_high_confidence_dialogue
E5/SE058.DAT,305152,0,0,0,21,0,21,0,0,0,0,0,0,79,0,no_high_confidence_dialogue
E5/SE059.DAT,305152,0,0,0,21,0,21,0,0,0,0,0,26,53,0,no_high_confidence_dialogue
E5/SE05A.DAT,305152,0,0,0,51,11,40,0,0,0,0,11,31,48,11,fits_current_e2_bank
F/SF011.DAT,305152,0,0,0,21,0,21,0,0,0,0,0,0,79,0,no_high_confidence_dialogue
F/SF021.DAT,305152,0,0,0,51,19,32,0,0,0,0,19,0,79,19,fits_current_e2_bank
F/SF031.DAT,305152,0,0,0,25,4,21,0,0,0,0,4,57,22,4,fits_current_e2_bank
F/SF041.DAT,305152,0,0,0,45,42,3,0,0,0,0,42,0,79,42,fits_current_e2_bank
F/SF051.DAT,305152,0,0,0,8,6,2,0,0,0,0,6,0,79,6,fits_current_e2_bank
F/SF061.DAT,305152,0,0,0,5,0,5,0,0,0,0,0,0,79,0,no_high_confidence_dialogue
F/SF071.DAT,305152,0,0,0,1,0,1,0,0,0,0,0,0,79,0,no_high_confidence_dialogue
F/SF081.DAT,305152,0,0,0,7,6,1,0,0,0,0,6,0,79,6,fits_current_e2_bank
F/SF091.DAT,305152,1,1,992,12,11,1,0,11,0,0,0,11,68,0,covered
F/SF0A1.DAT,305152,0,0,0,3,2,1,0,0,0,0,2,0,79,2,fits_current_e2_bank
F/SF0B1.DAT,305152,1,1,1419,19,17,2,0,17,0,0,0,17,62,0,covered
F/SF0C1.DAT,305152,0,0,0,21,0,21,0,0,0,0,0,0,79,0,no_high_confidence_dialogue
F/SF0D1.DAT,305152,1,1,181,3,3,0,0,3,0,0,0,3,76,0,covered
F/SF0E1.DAT,305152,0,0,0,20,20,0,0,0,0,0,20,0,79,20,fits_current_e2_bank
F/SF0F1.DAT,305152,0,0,0,6,6,0,0,0,0,0,6,0,79,6,fits_current_e2_bank
MAP/AREA0BG.DAT,33280,0,0,0,0,0,0,0,0,0,0,0,0,0,0,no_high_confidence_dialogue
MAP/AREA0MAP.DAT,193536,0,0,0,0,0,0,0,0,0,0,0,0,0,0,no_high_confidence_dialogue
MAP/AREA1BG.DAT,33280,0,0,0,0,0,0,0,0,0,0,0,0,0,0,no_high_confidence_dialogue
MAP/AREA1MAP.DAT,193536,0,0,0,0,0,0,0,0,0,0,0,0,0,0,no_high_confidence_dialogue
MAP/AREA2BG.DAT,33280,0,0,0,0,0,0,0,0,0,0,0,0,0,0,no_high_confidence_dialogue
MAP/AREA2MAP.DAT,193536,0,0,0,0,0,0,0,0,0,0,0,0,0,0,no_high_confidence_dialogue
MAP/AREA3BG.DAT,33280,0,0,0,0,0,0,0,0,0,0,0,0,0,0,no_high_confidence_dialogue
MAP/AREA3MAP.DAT,193536,0,0,0,0,0,0,0,0,0,0,0,0,0,0,no_high_confidence_dialogue
MAP/AREA4BG.DAT,33280,0,0,0,0,0,0,0,0,0,0,0,0,0,0,no_high_confidence_dialogue
MAP/AREA4MAP.DAT,193536,0,0,0,0,0,0,0,0,0,0,0,0,0,0,no_high_confidence_dialogue
MAP/AREA5MAP.DAT,193536,0,0,0,0,0,0,0,0,0,0,0,0,0,0,no_high_confidence_dialogue
MAP/AREA6MAP.DAT,193536,0,0,0,0,0,0,0,0,0,0,0,0,0,0,no_high_confidence_dialogue
MAP/SMAP.DAT,305152,0,0,0,0,0,0,0,0,0,0,0,0,79,0,no_high_confidence_dialogue
MAP/WORLDMAP.DAT,292864,0,0,0,0,0,0,0,0,0,0,0,75,4,0,no_high_confidence_dialogue
S000.DAT,305152,0,0,0,0,0,0,0,0,0,0,0,0,79,0,no_high_confidence_dialogue
license_data.dat,28032,0,0,0,0,0,0,0,0,0,0,0,0,0,0,no_high_confidence_dialogue
package_story_test_23_s1072_safe_boundaries/files/1/S1011.DAT,305152,0,0,0,0,0,0,0,0,0,0,0,0,79,0,no_high_confidence_dialogue
package_story_test_23_s1072_safe_boundaries/files/1/S1012.DAT,305152,0,0,0,0,0,0,0,0,0,0,0,0,79,0,no_high_confidence_dialogue
package_story_test_23_s1072_safe_boundaries/files/1/S1013.DAT,305152,0,0,0,0,0,0,0,0,0,0,0,0,79,0,no_high_confidence_dialogue
package_story_test_23_s1072_safe_boundaries/files/1/S1021.DAT,305152,0,0,0,0,0,0,0,0,0,0,0,0,79,0,no_high_confidence_dialogue
package_story_test_23_s1072_safe_boundaries/files/1/S1022.DAT,305152,0,0,0,0,0,0,0,0,0,0,0,0,79,0,no_high_confidence_dialogue
package_story_test_23_s1072_safe_boundaries/files/1/S1023.DAT,305152,0,0,0,0,0,0,0,0,0,0,0,0,79,0,no_high_confidence_dialogue
package_story_test_23_s1072_safe_boundaries/files/1/S1031.DAT,305152,0,0,0,0,0,0,0,0,0,0,0,0,79,0,no_high_confidence_dialogue
package_story_test_23_s1072_safe_boundaries/files/1/S1032.DAT,305152,0,0,0,0,0,0,0,0,0,0,0,0,79,0,no_high_confidence_dialogue
package_story_test_23_s1072_safe_boundaries/files/1/S1041.DAT,305152,0,0,0,0,0,0,0,0,0,0,0,0,79,0,no_high_confidence_dialogue
package_story_test_23_s1072_safe_boundaries/files/1/S1051.DAT,305152,0,0,0,0,0,0,0,0,0,0,0,0,79,0,no_high_confidence_dialogue
package_story_test_23_s1072_safe_boundaries/files/1/S1061.DAT,305152,0,0,0,0,0,0,0,0,0,0,0,0,79,0,no_high_confidence_dialogue
package_story_test_23_s1072_safe_boundaries/files/1/S1071.DAT,305152,0,0,0,0,0,0,0,0,0,0,0,0,79,0,no_high_confidence_dialogue
package_story_test_23_s1072_safe_boundaries/files/1/S1072.DAT,305152,0,0,0,0,0,0,0,0,0,0,0,0,79,0,no_high_confidence_dialogue
package_story_test_23_s1072_safe_boundaries/files/21/S2011.DAT,305152,0,0,0,0,0,0,0,0,0,0,0,0,79,0,no_high_confidence_dialogue
package_story_test_23_s1072_safe_boundaries/files/21/S2012.DAT,305152,0,0,0,0,0,0,0,0,0,0,0,0,79,0,no_high_confidence_dialogue
package_story_test_23_s1072_safe_boundaries/files/21/S2013.DAT,305152,0,0,0,0,0,0,0,0,0,0,0,0,79,0,no_high_confidence_dialogue
package_story_test_23_s1072_safe_boundaries/files/21/S2014.DAT,305152,0,0,0,0,0,0,0,0,0,0,0,0,79,0,no_high_confidence_dialogue
package_story_test_23_s1072_safe_boundaries/files/21/S2021.DAT,305152,0,0,0,0,0,0,0,0,0,0,0,55,24,0,no_high_confidence_dialogue
package_story_test_23_s1072_safe_boundaries/files/21/S2022.DAT,305152,0,0,0,0,0,0,0,0,0,0,0,0,79,0,no_high_confidence_dialogue
package_story_test_23_s1072_safe_boundaries/files/21/S2031.DAT,305152,0,0,0,0,0,0,0,0,0,0,0,0,79,0,no_high_confidence_dialogue
package_story_test_23_s1072_safe_boundaries/files/21/S2032.DAT,305152,0,0,0,0,0,0,0,0,0,0,0,0,79,0,no_high_confidence_dialogue
package_story_test_23_s1072_safe_boundaries/files/21/S2033.DAT,305152,0,0,0,0,0,0,0,0,0,0,0,0,79,0,no_high_confidence_dialogue
package_story_test_23_s1072_safe_boundaries/files/21/S2034.DAT,305152,0,0,0,0,0,0,0,0,0,0,0,0,79,0,no_high_confidence_dialogue
package_story_test_23_s1072_safe_boundaries/files/21/S2041.DAT,305152,0,0,0,0,0,0,0,0,0,0,0,0,79,0,no_high_confidence_dialogue
package_story_test_23_s1072_safe_boundaries/files/21/S2042.DAT,305152,0,0,0,0,0,0,0,0,0,0,0,0,79,0,no_high_confidence_dialogue
package_story_test_23_s1072_safe_boundaries/files/21/S2043.DAT,305152,0,0,0,0,0,0,0,0,0,0,0,0,79,0,no_high_confidence_dialogue
package_story_test_23_s1072_safe_boundaries/files/21/S2044.DAT,305152,0,0,0,0,0,0,0,0,0,0,0,0,79,0,no_high_confidence_dialogue
package_story_test_23_s1072_safe_boundaries/files/21/S2045.DAT,305152,0,0,0,0,0,0,0,0,0,0,0,31,48,0,no_high_confidence_dialogue
package_story_test_23_s1072_safe_boundaries/files/22/S2046.DAT,305152,0,0,0,0,0,0,0,0,0,0,0,0,79,0,no_high_confidence_dialogue
package_story_test_23_s1072_safe_boundaries/files/22/S2047.DAT,305152,0,0,0,0,0,0,0,0,0,0,0,0,79,0,no_high_confidence_dialogue
package_story_test_23_s1072_safe_boundaries/files/22/S2051.DAT,305152,0,0,0,0,0,0,0,0,0,0,0,0,79,0,no_high_confidence_dialogue
package_story_test_23_s1072_safe_boundaries/files/22/S2052.DAT,305152,0,0,0,0,0,0,0,0,0,0,0,0,79,0,no_high_confidence_dialogue
package_story_test_23_s1072_safe_boundaries/files/22/S2053.DAT,305152,0,0,0,0,0,0,0,0,0,0,0,0,79,0,no_high_confidence_dialogue
package_story_test_23_s1072_safe_boundaries/files/22/S2054.DAT,305152,0,0,0,0,0,0,0,0,0,0,0,0,79,0,no_high_confidence_dialogue
package_story_test_23_s1072_safe_boundaries/files/22/S2055.DAT,305152,0,0,0,0,0,0,0,0,0,0,0,0,79,0,no_high_confidence_dialogue
package_story_test_23_s1072_safe_boundaries/files/22/S2056.DAT,305152,0,0,0,0,0,0,0,0,0,0,0,0,79,0,no_high_confidence_dialogue
package_story_test_23_s1072_safe_boundaries/files/22/S2057.DAT,305152,0,0,0,0,0,0,0,0,0,0,0,0,79,0,no_high_confidence_dialogue
package_story_test_23_s1072_safe_boundaries/files/22/S2058.DAT,305152,0,0,0,0,0,0,0,0,0,0,0,0,79,0,no_high_confidence_dialogue
package_story_test_23_s1072_safe_boundaries/files/22/S2059.DAT,305152,0,0,0,0,0,0,0,0,0,0,0,0,79,0,no_high_confidence_dialogue
package_story_test_23_s1072_safe_boundaries/files/22/S205A.DAT,305152,0,0,0,0,0,0,0,0,0,0,0,0,79,0,no_high_confidence_dialogue
package_story_test_23_s1072_safe_boundaries/files/22/S205B.DAT,305152,0,0,0,0,0,0,0,0,0,0,0,0,79,0,no_high_confidence_dialogue
package_story_test_23_s1072_safe_boundaries/files/22/S205C.DAT,305152,0,0,0,0,0,0,0,0,0,0,0,1,78,0,no_high_confidence_dialogue
package_story_test_23_s1072_safe_boundaries/files/23/S2061.DAT,305152,0,0,0,0,0,0,0,0,0,0,0,31,48,0,no_high_confidence_dialogue
package_story_test_23_s1072_safe_boundaries/files/23/S2071.DAT,305152,0,0,0,0,0,0,0,0,0,0,0,0,79,0,no_high_confidence_dialogue
package_story_test_23_s1072_safe_boundaries/files/23/S2081.DAT,305152,0,0,0,0,0,0,0,0,0,0,0,0,79,0,no_high_confidence_dialogue
package_story_test_23_s1072_safe_boundaries/files/23/S2082.DAT,305152,0,0,0,0,0,0,0,0,0,0,0,0,79,0,no_high_confidence_dialogue
package_story_test_23_s1072_safe_boundaries/files/31/S3011.DAT,305152,0,0,0,0,0,0,0,0,0,0,0,0,79,0,no_high_confidence_dialogue
package_story_test_23_s1072_safe_boundaries/files/31/S3012.DAT,305152,0,0,0,0,0,0,0,0,0,0,0,0,79,0,no_high_confidence_dialogue
package_story_test_23_s1072_safe_boundaries/files/31/S3013.DAT,305152,0,0,0,0,0,0,0,0,0,0,0,0,79,0,no_high_confidence_dialogue
package_story_test_23_s1072_safe_boundaries/files/31/S3014.DAT,305152,0,0,0,0,0,0,0,0,0,0,0,63,16,0,no_high_confidence_dialogue
package_story_test_23_s1072_safe_boundaries/files/31/S3021.DAT,305152,0,0,0,0,0,0,0,0,0,0,0,0,79,0,no_high_confidence_dialogue
package_story_test_23_s1072_safe_boundaries/files/31/S3022.DAT,305152,0,0,0,0,0,0,0,0,0,0,0,0,79,0,no_high_confidence_dialogue
package_story_test_23_s1072_safe_boundaries/files/31/S3023.DAT,305152,0,0,0,0,0,0,0,0,0,0,0,0,79,0,no_high_confidence_dialogue
package_story_test_23_s1072_safe_boundaries/files/31/S3024.DAT,305152,0,0,0,0,0,0,0,0,0,0,0,63,16,0,no_high_confidence_dialogue
package_story_test_23_s1072_safe_boundaries/files/31/S3031.DAT,305152,0,0,0,0,0,0,0,0,0,0,0,0,79,0,no_high_confidence_dialogue
package_story_test_23_s1072_safe_boundaries/files/31/S3032.DAT,305152,0,0,0,0,0,0,0,0,0,0,0,0,79,0,no_high_confidence_dialogue
package_story_test_23_s1072_safe_boundaries/files/31/S3041.DAT,305152,0,0,0,0,0,0,0,0,0,0,0,0,79,0,no_high_confidence_dialogue
package_story_test_23_s1072_safe_boundaries/files/32/S3051.DAT,305152,0,0,0,0,0,0,0,0,0,0,0,78,1,0,no_high_confidence_dialogue
package_story_test_23_s1072_safe_boundaries/files/32/S3061.DAT,305152,0,0,0,0,0,0,0,0,0,0,0,0,79,0,no_high_confidence_dialogue
package_story_test_23_s1072_safe_boundaries/files/32/S3062.DAT,305152,0,0,0,0,0,0,0,0,0,0,0,0,79,0,no_high_confidence_dialogue
package_story_test_23_s1072_safe_boundaries/files/32/S3063.DAT,305152,0,0,0,0,0,0,0,0,0,0,0,0,79,0,no_high_confidence_dialogue
package_story_test_23_s1072_safe_boundaries/files/32/S3064.DAT,305152,0,0,0,0,0,0,0,0,0,0,0,0,79,0,no_high_confidence_dialogue
package_story_test_23_s1072_safe_boundaries/files/32/S3065.DAT,305152,0,0,0,0,0,0,0,0,0,0,0,0,79,0,no_high_confidence_dialogue
package_story_test_23_s1072_safe_boundaries/files/32/S3066.DAT,305152,0,0,0,0,0,0,0,0,0,0,0,0,79,0,no_high_confidence_dialogue
package_story_test_23_s1072_safe_boundaries/files/32/S3067.DAT,305152,0,0,0,0,0,0,0,0,0,0,0,0,79,0,no_high_confidence_dialogue
package_story_test_23_s1072_safe_boundaries/files/32/S3068.DAT,305152,0,0,0,0,0,0,0,0,0,0,0,0,79,0,no_high_confidence_dialogue
package_story_test_23_s1072_safe_boundaries/files/4/S4011.DAT,305152,0,0,0,0,0,0,0,0,0,0,0,31,48,0,no_high_confidence_dialogue
package_story_test_23_s1072_safe_boundaries/files/4/S4012.DAT,305152,0,0,0,0,0,0,0,0,0,0,0,0,79,0,no_high_confidence_dialogue
package_story_test_23_s1072_safe_boundaries/files/4/S4013.DAT,305152,0,0,0,0,0,0,0,0,0,0,0,0,79,0,no_high_confidence_dialogue
package_story_test_23_s1072_safe_boundaries/files/4/S4021.DAT,305152,0,0,0,0,0,0,0,0,0,0,0,0,79,0,no_high_confidence_dialogue
package_story_test_23_s1072_safe_boundaries/files/4/S4022.DAT,305152,0,0,0,0,0,0,0,0,0,0,0,0,79,0,no_high_confidence_dialogue
package_story_test_23_s1072_safe_boundaries/files/4/S4031.DAT,305152,0,0,0,0,0,0,0,0,0,0,0,0,79,0,no_high_confidence_dialogue
package_story_test_23_s1072_safe_boundaries/files/4/S4032.DAT,305152,0,0,0,0,0,0,0,0,0,0,0,0,79,0,no_high_confidence_dialogue
package_story_test_23_s1072_safe_boundaries/files/4/S4033.DAT,305152,0,0,0,0,0,0,0,0,0,0,0,0,79,0,no_high_confidence_dialogue
package_story_test_23_s1072_safe_boundaries/files/4/S4034.DAT,305152,0,0,0,0,0,0,0,0,0,0,0,0,79,0,no_high_confidence_dialogue
package_story_test_23_s1072_safe_boundaries/files/4/S4035.DAT,305152,0,0,0,0,0,0,0,0,0,0,0,0,79,0,no_high_confidence_dialogue
package_story_test_23_s1072_safe_boundaries/files/4/S4036.DAT,305152,0,0,0,0,0,0,0,0,0,0,0,0,79,0,no_high_confidence_dialogue
package_story_test_23_s1072_safe_boundaries/files/4/S4041.DAT,305152,0,0,0,0,0,0,0,0,0,0,0,0,79,0,no_high_confidence_dialogue
package_story_test_23_s1072_safe_boundaries/files/4/S4051.DAT,305152,0,0,0,0,0,0,0,0,0,0,0,0,79,0,no_high_confidence_dialogue
package_story_test_23_s1072_safe_boundaries/files/4/S4061.DAT,305152,0,0,0,0,0,0,0,0,0,0,0,0,79,0,no_high_confidence_dialogue
package_story_test_23_s1072_safe_boundaries/files/4/S4062.DAT,305152,0,0,0,0,0,0,0,0,0,0,0,0,79,0,no_high_confidence_dialogue
package_story_test_23_s1072_safe_boundaries/files/5/S5011.DAT,305152,0,0,0,0,0,0,0,0,0,0,0,0,79,0,no_high_confidence_dialogue
package_story_test_23_s1072_safe_boundaries/files/5/S5012.DAT,305152,0,0,0,0,0,0,0,0,0,0,0,0,79,0,no_high_confidence_dialogue
package_story_test_23_s1072_safe_boundaries/files/5/S5013.DAT,305152,0,0,0,0,0,0,0,0,0,0,0,31,48,0,no_high_confidence_dialogue
package_story_test_23_s1072_safe_boundaries/files/5/S5021.DAT,305152,0,0,0,0,0,0,0,0,0,0,0,0,79,0,no_high_confidence_dialogue
package_story_test_23_s1072_safe_boundaries/files/5/S5022.DAT,305152,0,0,0,0,0,0,0,0,0,0,0,0,79,0,no_high_confidence_dialogue
package_story_test_23_s1072_safe_boundaries/files/5/S5023.DAT,305152,0,0,0,0,0,0,0,0,0,0,0,0,79,0,no_high_confidence_dialogue
package_story_test_23_s1072_safe_boundaries/files/5/S5024.DAT,305152,0,0,0,0,0,0,0,0,0,0,0,0,79,0,no_high_confidence_dialogue
package_story_test_23_s1072_safe_boundaries/files/5/S5025.DAT,305152,0,0,0,0,0,0,0,0,0,0,0,0,79,0,no_high_confidence_dialogue
package_story_test_23_s1072_safe_boundaries/files/5/S5026.DAT,305152,0,0,0,0,0,0,0,0,0,0,0,0,79,0,no_high_confidence_dialogue
package_story_test_23_s1072_safe_boundaries/files/5/S5031.DAT,305152,0,0,0,0,0,0,0,0,0,0,0,19,60,0,no_high_confidence_dialogue
package_story_test_23_s1072_safe_boundaries/files/5/S5032.DAT,305152,0,0,0,0,0,0,0,0,0,0,0,0,79,0,no_high_confidence_dialogue
package_story_test_23_s1072_safe_boundaries/files/5/S5041.DAT,305152,0,0,0,0,0,0,0,0,0,0,0,0,79,0,no_high_confidence_dialogue
package_story_test_23_s1072_safe_boundaries/files/5/S5051.DAT,305152,0,0,0,0,0,0,0,0,0,0,0,0,79,0,no_high_confidence_dialogue
package_story_test_23_s1072_safe_boundaries/files/5/S5052.DAT,305152,0,0,0,0,0,0,0,0,0,0,0,0,79,0,no_high_confidence_dialogue
package_story_test_23_s1072_safe_boundaries/files/6/S6011.DAT,305152,0,0,0,0,0,0,0,0,0,0,0,0,79,0,no_high_confidence_dialogue
package_story_test_23_s1072_safe_boundaries/files/6/S6012.DAT,305152,0,0,0,0,0,0,0,0,0,0,0,0,79,0,no_high_confidence_dialogue
package_story_test_23_s1072_safe_boundaries/files/6/S6013.DAT,305152,0,0,0,0,0,0,0,0,0,0,0,0,79,0,no_high_confidence_dialogue
package_story_test_23_s1072_safe_boundaries/files/6/S6014.DAT,305152,0,0,0,0,0,0,0,0,0,0,0,31,48,0,no_high_confidence_dialogue
package_story_test_23_s1072_safe_boundaries/files/6/S6021.DAT,305152,0,0,0,0,0,0,0,0,0,0,0,31,48,0,no_high_confidence_dialogue
package_story_test_23_s1072_safe_boundaries/files/6/S6022.DAT,305152,0,0,0,0,0,0,0,0,0,0,0,0,79,0,no_high_confidence_dialogue
package_story_test_23_s1072_safe_boundaries/files/6/S6031.DAT,305152,0,0,0,0,0,0,0,0,0,0,0,0,79,0,no_high_confidence_dialogue
package_story_test_23_s1072_safe_boundaries/files/6/S6032.DAT,305152,0,0,0,0,0,0,0,0,0,0,0,0,79,0,no_high_confidence_dialogue
package_story_test_23_s1072_safe_boundaries/files/6/S6041.DAT,305152,0,0,0,0,0,0,0,0,0,0,0,38,41,0,no_high_confidence_dialogue
package_story_test_23_s1072_safe_boundaries/files/6/S6051.DAT,305152,0,0,0,0,0,0,0,0,0,0,0,0,79,0,no_high_confidence_dialogue
package_story_test_23_s1072_safe_boundaries/files/6/S6052.DAT,305152,0,0,0,0,0,0,0,0,0,0,0,0,79,0,no_high_confidence_dialogue
package_story_test_23_s1072_safe_boundaries/files/6/S6053.DAT,305152,0,0,0,0,0,0,0,0,0,0,0,0,79,0,no_high_confidence_dialogue
package_story_test_23_s1072_safe_boundaries/files/6/S6054.DAT,305152,0,0,0,0,0,0,0,0,0,0,0,79,0,0,no_high_confidence_dialogue
package_story_test_23_s1072_safe_boundaries/files/7/S7011.DAT,305152,0,0,0,0,0,0,0,0,0,0,0,0,79,0,no_high_confidence_dialogue
package_story_test_23_s1072_safe_boundaries/files/7/S7012.DAT,305152,0,0,0,0,0,0,0,0,0,0,0,31,48,0,no_high_confidence_dialogue
package_story_test_23_s1072_safe_boundaries/files/7/S7021.DAT,305152,0,0,0,0,0,0,0,0,0,0,0,0,79,0,no_high_confidence_dialogue
package_story_test_23_s1072_safe_boundaries/files/7/S7022.DAT,305152,0,0,0,0,0,0,0,0,0,0,0,0,79,0,no_high_confidence_dialogue
package_story_test_23_s1072_safe_boundaries/files/7/S7023.DAT,305152,0,0,0,0,0,0,0,0,0,0,0,0,79,0,no_high_confidence_dialogue
package_story_test_23_s1072_safe_boundaries/files/7/S7024.DAT,305152,0,0,0,0,0,0,0,0,0,0,0,0,79,0,no_high_confidence_dialogue
package_story_test_23_s1072_safe_boundaries/files/7/S7025.DAT,305152,0,0,0,0,0,0,0,0,0,0,0,0,79,0,no_high_confidence_dialogue
package_story_test_23_s1072_safe_boundaries/files/7/S7026.DAT,305152,0,0,0,0,0,0,0,0,0,0,0,0,79,0,no_high_confidence_dialogue
package_story_test_23_s1072_safe_boundaries/files/7/S7027.DAT,305152,0,0,0,0,0,0,0,0,0,0,0,53,26,0,no_high_confidence_dialogue
package_story_test_23_s1072_safe_boundaries/files/7/S7028.DAT,305152,0,0,0,0,0,0,0,0,0,0,0,31,48,0,no_high_confidence_dialogue
package_story_test_23_s1072_safe_boundaries/files/7/S7031.DAT,305152,0,0,0,0,0,0,0,0,0,0,0,0,79,0,no_high_confidence_dialogue
package_story_test_23_s1072_safe_boundaries/files/7/S7032.DAT,305152,0,0,0,0,0,0,0,0,0,0,0,0,79,0,no_high_confidence_dialogue
package_story_test_23_s1072_safe_boundaries/files/8/S8011.DAT,305152,0,0,0,0,0,0,0,0,0,0,0,0,79,0,no_high_confidence_dialogue
package_story_test_23_s1072_safe_boundaries/files/8/S8012.DAT,305152,0,0,0,0,0,0,0,0,0,0,0,0,79,0,no_high_confidence_dialogue
package_story_test_23_s1072_safe_boundaries/files/8/S8013.DAT,305152,0,0,0,0,0,0,0,0,0,0,0,31,48,0,no_high_confidence_dialogue
package_story_test_23_s1072_safe_boundaries/files/8/S8021.DAT,305152,0,0,0,0,0,0,0,0,0,0,0,0,79,0,no_high_confidence_dialogue
package_story_test_23_s1072_safe_boundaries/files/8/S8031.DAT,305152,0,0,0,0,0,0,0,0,0,0,0,31,48,0,no_high_confidence_dialogue
package_story_test_23_s1072_safe_boundaries/files/8/S8041.DAT,305152,0,0,0,0,0,0,0,0,0,0,0,0,79,0,no_high_confidence_dialogue
package_story_test_23_s1072_safe_boundaries/files/8/S8051.DAT,305152,0,0,0,0,0,0,0,0,0,0,0,38,41,0,no_high_confidence_dialogue
package_story_test_23_s1072_safe_boundaries/files/8/S8061.DAT,305152,0,0,0,0,0,0,0,0,0,0,0,0,79,0,no_high_confidence_dialogue
package_story_test_23_s1072_safe_boundaries/files/8/S8062.DAT,305152,0,0,0,0,0,0,0,0,0,0,0,0,79,0,no_high_confidence_dialogue
package_story_test_23_s1072_safe_boundaries/files/9/S9011.DAT,305152,0,0,0,0,0,0,0,0,0,0,0,0,79,0,no_high_confidence_dialogue
package_story_test_23_s1072_safe_boundaries/files/9/S9012.DAT,305152,0,0,0,0,0,0,0,0,0,0,0,0,79,0,no_high_confidence_dialogue
package_story_test_23_s1072_safe_boundaries/files/9/S9013.DAT,305152,0,0,0,0,0,0,0,0,0,0,0,0,79,0,no_high_confidence_dialogue
package_story_test_23_s1072_safe_boundaries/files/9/S9021.DAT,305152,0,0,0,0,0,0,0,0,0,0,0,31,48,0,no_high_confidence_dialogue
package_story_test_23_s1072_safe_boundaries/files/9/S9031.DAT,305152,0,0,0,0,0,0,0,0,0,0,0,31,48,0,no_high_confidence_dialogue
package_story_test_23_s1072_safe_boundaries/files/9/S9041.DAT,305152,0,0,0,0,0,0,0,0,0,0,0,0,79,0,no_high_confidence_dialogue
package_story_test_23_s1072_safe_boundaries/files/9/S9051.DAT,305152,0,0,0,0,0,0,0,0,0,0,0,0,79,0,no_high_confidence_dialogue
package_story_test_23_s1072_safe_boundaries/files/B/SB011.DAT,305152,0,0,0,0,0,0,0,0,0,0,0,0,79,0,no_high_confidence_dialogue
package_story_test_23_s1072_safe_boundaries/files/B/SB021.DAT,305152,0,0,0,0,0,0,0,0,0,0,0,0,79,0,no_high_confidence_dialogue
package_story_test_23_s1072_safe_boundaries/files/B/SB022.DAT,305152,0,0,0,0,0,0,0,0,0,0,0,0,79,0,no_high_confidence_dialogue
package_story_test_23_s1072_safe_boundaries/files/B/SB031.DAT,335872,0,0,0,0,0,0,0,0,0,0,0,0,79,0,no_high_confidence_dialogue
package_story_test_23_s1072_safe_boundaries/files/B/SB041.DAT,305152,0,0,0,0,0,0,0,0,0,0,0,0,79,0,no_high_confidence_dialogue
package_story_test_23_s1072_safe_boundaries/files/B/SB051.DAT,305152,0,0,0,0,0,0,0,0,0,0,0,0,79,0,no_high_confidence_dialogue
package_story_test_23_s1072_safe_boundaries/files/B/SB061.DAT,335872,0,0,0,0,0,0,0,0,0,0,0,0,79,0,no_high_confidence_dialogue
package_story_test_23_s1072_safe_boundaries/files/B/SB071.DAT,305152,0,0,0,0,0,0,0,0,0,0,0,0,79,0,no_high_confidence_dialogue
package_story_test_23_s1072_safe_boundaries/files/B/SB072.DAT,305152,0,0,0,0,0,0,0,0,0,0,0,0,79,0,no_high_confidence_dialogue
package_story_test_23_s1072_safe_boundaries/files/B/SB081.DAT,305152,0,0,0,0,0,0,0,0,0,0,0,31,48,0,no_high_confidence_dialogue
package_story_test_23_s1072_safe_boundaries/files/C1/SC011.DAT,305152,0,0,0,0,0,0,0,0,0,0,0,31,48,0,no_high_confidence_dialogue
package_story_test_23_s1072_safe_boundaries/files/C1/SC021.DAT,305152,0,0,0,0,0,0,0,0,0,0,0,31,48,0,no_high_confidence_dialogue
package_story_test_23_s1072_safe_boundaries/files/C1/SC031.DAT,305152,0,0,0,0,0,0,0,0,0,0,0,31,48,0,no_high_confidence_dialogue
package_story_test_23_s1072_safe_boundaries/files/C1/SC041.DAT,305152,0,0,0,0,0,0,0,0,0,0,0,60,19,0,no_high_confidence_dialogue
package_story_test_23_s1072_safe_boundaries/files/C1/SC051.DAT,305152,0,0,0,0,0,0,0,0,0,0,0,31,48,0,no_high_confidence_dialogue
package_story_test_23_s1072_safe_boundaries/files/C1/SC061.DAT,305152,0,0,0,0,0,0,0,0,0,0,0,36,43,0,no_high_confidence_dialogue
package_story_test_23_s1072_safe_boundaries/files/C1/SC071.DAT,335872,0,0,0,0,0,0,0,0,0,0,0,0,79,0,no_high_confidence_dialogue
package_story_test_23_s1072_safe_boundaries/files/C1/SC072.DAT,335872,0,0,0,0,0,0,0,0,0,0,0,0,79,0,no_high_confidence_dialogue
package_story_test_23_s1072_safe_boundaries/files/C1/SC081.DAT,305152,0,0,0,0,0,0,0,0,0,0,0,38,41,0,no_high_confidence_dialogue
package_story_test_23_s1072_safe_boundaries/files/C1/SC091.DAT,305152,0,0,0,0,0,0,0,0,0,0,0,31,48,0,no_high_confidence_dialogue
package_story_test_23_s1072_safe_boundaries/files/C2/SC0A1.DAT,305152,0,0,0,0,0,0,0,0,0,0,0,31,48,0,no_high_confidence_dialogue
package_story_test_23_s1072_safe_boundaries/files/C2/SC0B1.DAT,305152,0,0,0,0,0,0,0,0,0,0,0,0,79,0,no_high_confidence_dialogue
package_story_test_23_s1072_safe_boundaries/files/C2/SC0B2.DAT,305152,0,0,0,0,0,0,0,0,0,0,0,0,79,0,no_high_confidence_dialogue
package_story_test_23_s1072_safe_boundaries/files/C2/SC0B3.DAT,305152,0,0,0,0,0,0,0,0,0,0,0,0,79,0,no_high_confidence_dialogue
package_story_test_23_s1072_safe_boundaries/files/C2/SC0B4.DAT,305152,0,0,0,0,0,0,0,0,0,0,0,0,79,0,no_high_confidence_dialogue
package_story_test_23_s1072_safe_boundaries/files/C2/SC0B5.DAT,305152,0,0,0,0,0,0,0,0,0,0,0,0,79,0,no_high_confidence_dialogue
package_story_test_23_s1072_safe_boundaries/files/C2/SC0B6.DAT,305152,0,0,0,0,0,0,0,0,0,0,0,79,0,0,no_high_confidence_dialogue
package_story_test_23_s1072_safe_boundaries/files/C2/SC0C1.DAT,305152,0,0,0,0,0,0,0,0,0,0,0,31,48,0,no_high_confidence_dialogue
package_story_test_23_s1072_safe_boundaries/files/COMM.DAT,737280,0,0,0,0,0,0,0,0,0,0,0,79,0,0,no_high_confidence_dialogue
package_story_test_23_s1072_safe_boundaries/files/D/SD011.DAT,305152,0,0,0,0,0,0,0,0,0,0,0,0,79,0,no_high_confidence_dialogue
package_story_test_23_s1072_safe_boundaries/files/D/SD012.DAT,305152,0,0,0,0,0,0,0,0,0,0,0,0,79,0,no_high_confidence_dialogue
package_story_test_23_s1072_safe_boundaries/files/D/SD013.DAT,305152,0,0,0,0,0,0,0,0,0,0,0,0,79,0,no_high_confidence_dialogue
package_story_test_23_s1072_safe_boundaries/files/D/SD014.DAT,305152,0,0,0,0,0,0,0,0,0,0,0,0,79,0,no_high_confidence_dialogue
package_story_test_23_s1072_safe_boundaries/files/D/SD015.DAT,305152,0,0,0,0,0,0,0,0,0,0,0,0,79,0,no_high_confidence_dialogue
package_story_test_23_s1072_safe_boundaries/files/D/SD021.DAT,305152,0,0,0,0,0,0,0,0,0,0,0,0,79,0,no_high_confidence_dialogue
package_story_test_23_s1072_safe_boundaries/files/D/SD031.DAT,305152,0,0,0,0,0,0,0,0,0,0,0,63,16,0,no_high_confidence_dialogue
package_story_test_23_s1072_safe_boundaries/files/D/SD041.DAT,305152,0,0,0,0,0,0,0,0,0,0,0,0,79,0,no_high_confidence_dialogue
package_story_test_23_s1072_safe_boundaries/files/D/SD051.DAT,305152,0,0,0,0,0,0,0,0,0,0,0,0,79,0,no_high_confidence_dialogue
package_story_test_23_s1072_safe_boundaries/files/D/SD061.DAT,305152,0,0,0,0,0,0,0,0,0,0,0,0,79,0,no_high_confidence_dialogue
package_story_test_23_s1072_safe_boundaries/files/D/SD071.DAT,305152,0,0,0,0,0,0,0,0,0,0,0,52,27,0,no_high_confidence_dialogue
package_story_test_23_s1072_safe_boundaries/files/E1/SE011.DAT,305152,0,0,0,0,0,0,0,0,0,0,0,0,79,0,no_high_confidence_dialogue
package_story_test_23_s1072_safe_boundaries/files/E1/SE012.DAT,305152,0,0,0,0,0,0,0,0,0,0,0,0,79,0,no_high_confidence_dialogue
package_story_test_23_s1072_safe_boundaries/files/E1/SE013.DAT,305152,0,0,0,0,0,0,0,0,0,0,0,0,79,0,no_high_confidence_dialogue
package_story_test_23_s1072_safe_boundaries/files/E1/SE014.DAT,305152,0,0,0,0,0,0,0,0,0,0,0,0,79,0,no_high_confidence_dialogue
package_story_test_23_s1072_safe_boundaries/files/E1/SE015.DAT,305152,0,0,0,0,0,0,0,0,0,0,0,0,79,0,no_high_confidence_dialogue
package_story_test_23_s1072_safe_boundaries/files/E1/SE016.DAT,305152,0,0,0,0,0,0,0,0,0,0,0,0,79,0,no_high_confidence_dialogue
package_story_test_23_s1072_safe_boundaries/files/E1/SE017.DAT,305152,0,0,0,0,0,0,0,0,0,0,0,0,79,0,no_high_confidence_dialogue
package_story_test_23_s1072_safe_boundaries/files/E1/SE018.DAT,305152,0,0,0,0,0,0,0,0,0,0,0,0,79,0,no_high_confidence_dialogue
package_story_test_23_s1072_safe_boundaries/files/E1/SE019.DAT,305152,0,0,0,0,0,0,0,0,0,0,0,0,79,0,no_high_confidence_dialogue
package_story_test_23_s1072_safe_boundaries/files/E1/SE01A.DAT,305152,0,0,0,0,0,0,0,0,0,0,0,0,79,0,no_high_confidence_dialogue
package_story_test_23_s1072_safe_boundaries/files/E2/SE021.DAT,305152,0,0,0,0,0,0,0,0,0,0,0,0,79,0,no_high_confidence_dialogue
package_story_test_23_s1072_safe_boundaries/files/E2/SE022.DAT,305152,0,0,0,0,0,0,0,0,0,0,0,0,79,0,no_high_confidence_dialogue
package_story_test_23_s1072_safe_boundaries/files/E2/SE023.DAT,305152,0,0,0,0,0,0,0,0,0,0,0,0,79,0,no_high_confidence_dialogue
package_story_test_23_s1072_safe_boundaries/files/E2/SE024.DAT,305152,0,0,0,0,0,0,0,0,0,0,0,0,79,0,no_high_confidence_dialogue
package_story_test_23_s1072_safe_boundaries/files/E2/SE025.DAT,305152,0,0,0,0,0,0,0,0,0,0,0,0,79,0,no_high_confidence_dialogue
package_story_test_23_s1072_safe_boundaries/files/E2/SE026.DAT,305152,0,0,0,0,0,0,0,0,0,0,0,0,79,0,no_high_confidence_dialogue
package_story_test_23_s1072_safe_boundaries/files/E2/SE027.DAT,305152,0,0,0,0,0,0,0,0,0,0,0,0,79,0,no_high_confidence_dialogue
package_story_test_23_s1072_safe_boundaries/files/E2/SE028.DAT,305152,0,0,0,0,0,0,0,0,0,0,0,0,79,0,no_high_confidence_dialogue
package_story_test_23_s1072_safe_boundaries/files/E2/SE029.DAT,305152,0,0,0,0,0,0,0,0,0,0,0,0,79,0,no_high_confidence_dialogue
package_story_test_23_s1072_safe_boundaries/files/E2/SE02A.DAT,305152,0,0,0,0,0,0,0,0,0,0,0,0,79,0,no_high_confidence_dialogue
package_story_test_23_s1072_safe_boundaries/files/E3/SE031.DAT,305152,0,0,0,0,0,0,0,0,0,0,0,0,79,0,no_high_confidence_dialogue
package_story_test_23_s1072_safe_boundaries/files/E3/SE032.DAT,305152,0,0,0,0,0,0,0,0,0,0,0,0,79,0,no_high_confidence_dialogue
package_story_test_23_s1072_safe_boundaries/files/E3/SE033.DAT,305152,0,0,0,0,0,0,0,0,0,0,0,0,79,0,no_high_confidence_dialogue
package_story_test_23_s1072_safe_boundaries/files/E3/SE034.DAT,305152,0,0,0,0,0,0,0,0,0,0,0,0,79,0,no_high_confidence_dialogue
package_story_test_23_s1072_safe_boundaries/files/E3/SE035.DAT,305152,0,0,0,0,0,0,0,0,0,0,0,0,79,0,no_high_confidence_dialogue
package_story_test_23_s1072_safe_boundaries/files/E3/SE036.DAT,305152,0,0,0,0,0,0,0,0,0,0,0,0,79,0,no_high_confidence_dialogue
package_story_test_23_s1072_safe_boundaries/files/E3/SE037.DAT,305152,0,0,0,0,0,0,0,0,0,0,0,0,79,0,no_high_confidence_dialogue
package_story_test_23_s1072_safe_boundaries/files/E3/SE038.DAT,305152,0,0,0,0,0,0,0,0,0,0,0,0,79,0,no_high_confidence_dialogue
package_story_test_23_s1072_safe_boundaries/files/E3/SE039.DAT,305152,0,0,0,0,0,0,0,0,0,0,0,0,79,0,no_high_confidence_dialogue
package_story_test_23_s1072_safe_boundaries/files/E3/SE03A.DAT,305152,0,0,0,0,0,0,0,0,0,0,0,76,3,0,no_high_confidence_dialogue
package_story_test_23_s1072_safe_boundaries/files/E4/SE041.DAT,305152,0,0,0,0,0,0,0,0,0,0,0,0,79,0,no_high_confidence_dialogue
package_story_test_23_s1072_safe_boundaries/files/E4/SE042.DAT,305152,0,0,0,0,0,0,0,0,0,0,0,0,79,0,no_high_confidence_dialogue
package_story_test_23_s1072_safe_boundaries/files/E4/SE043.DAT,305152,0,0,0,0,0,0,0,0,0,0,0,0,79,0,no_high_confidence_dialogue
package_story_test_23_s1072_safe_boundaries/files/E4/SE044.DAT,305152,0,0,0,0,0,0,0,0,0,0,0,0,79,0,no_high_confidence_dialogue
package_story_test_23_s1072_safe_boundaries/files/E4/SE045.DAT,305152,0,0,0,0,0,0,0,0,0,0,0,0,79,0,no_high_confidence_dialogue
package_story_test_23_s1072_safe_boundaries/files/E4/SE046.DAT,305152,0,0,0,0,0,0,0,0,0,0,0,0,79,0,no_high_confidence_dialogue
package_story_test_23_s1072_safe_boundaries/files/E4/SE047.DAT,305152,0,0,0,0,0,0,0,0,0,0,0,0,79,0,no_high_confidence_dialogue
package_story_test_23_s1072_safe_boundaries/files/E4/SE048.DAT,305152,0,0,0,0,0,0,0,0,0,0,0,0,79,0,no_high_confidence_dialogue
package_story_test_23_s1072_safe_boundaries/files/E4/SE049.DAT,305152,0,0,0,0,0,0,0,0,0,0,0,0,79,0,no_high_confidence_dialogue
package_story_test_23_s1072_safe_boundaries/files/E4/SE04A.DAT,305152,0,0,0,0,0,0,0,0,0,0,0,0,79,0,no_high_confidence_dialogue
package_story_test_23_s1072_safe_boundaries/files/E5/SE051.DAT,305152,0,0,0,0,0,0,0,0,0,0,0,0,79,0,no_high_confidence_dialogue
package_story_test_23_s1072_safe_boundaries/files/E5/SE052.DAT,305152,0,0,0,0,0,0,0,0,0,0,0,0,79,0,no_high_confidence_dialogue
package_story_test_23_s1072_safe_boundaries/files/E5/SE053.DAT,305152,0,0,0,0,0,0,0,0,0,0,0,0,79,0,no_high_confidence_dialogue
package_story_test_23_s1072_safe_boundaries/files/E5/SE054.DAT,305152,0,0,0,0,0,0,0,0,0,0,0,0,79,0,no_high_confidence_dialogue
package_story_test_23_s1072_safe_boundaries/files/E5/SE055.DAT,305152,0,0,0,0,0,0,0,0,0,0,0,0,79,0,no_high_confidence_dialogue
package_story_test_23_s1072_safe_boundaries/files/E5/SE056.DAT,305152,0,0,0,0,0,0,0,0,0,0,0,0,79,0,no_high_confidence_dialogue
package_story_test_23_s1072_safe_boundaries/files/E5/SE057.DAT,305152,0,0,0,0,0,0,0,0,0,0,0,0,79,0,no_high_confidence_dialogue
package_story_test_23_s1072_safe_boundaries/files/E5/SE058.DAT,305152,0,0,0,0,0,0,0,0,0,0,0,0,79,0,no_high_confidence_dialogue
package_story_test_23_s1072_safe_boundaries/files/E5/SE059.DAT,305152,0,0,0,0,0,0,0,0,0,0,0,26,53,0,no_high_confidence_dialogue
package_story_test_23_s1072_safe_boundaries/files/E5/SE05A.DAT,305152,0,0,0,0,0,0,0,0,0,0,0,31,48,0,no_high_confidence_dialogue
package_story_test_23_s1072_safe_boundaries/files/F/SF011.DAT,305152,0,0,0,0,0,0,0,0,0,0,0,0,79,0,no_high_confidence_dialogue
package_story_test_23_s1072_safe_boundaries/files/F/SF021.DAT,305152,0,0,0,0,0,0,0,0,0,0,0,0,79,0,no_high_confidence_dialogue
package_story_test_23_s1072_safe_boundaries/files/F/SF031.DAT,305152,0,0,0,0,0,0,0,0,0,0,0,57,22,0,no_high_confidence_dialogue
package_story_test_23_s1072_safe_boundaries/files/F/SF041.DAT,305152,0,0,0,0,0,0,0,0,0,0,0,0,79,0,no_high_confidence_dialogue
package_story_test_23_s1072_safe_boundaries/files/F/SF051.DAT,305152,0,0,0,0,0,0,0,0,0,0,0,0,79,0,no_high_confidence_dialogue
package_story_test_23_s1072_safe_boundaries/files/F/SF061.DAT,305152,0,0,0,0,0,0,0,0,0,0,0,0,79,0,no_high_confidence_dialogue
package_story_test_23_s1072_safe_boundaries/files/F/SF071.DAT,305152,0,0,0,0,0,0,0,0,0,0,0,0,79,0,no_high_confidence_dialogue
package_story_test_23_s1072_safe_boundaries/files/F/SF081.DAT,305152,0,0,0,0,0,0,0,0,0,0,0,0,79,0,no_high_confidence_dialogue
package_story_test_23_s1072_safe_boundaries/files/F/SF091.DAT,305152,0,0,0,0,0,0,0,0,0,0,0,0,79,0,no_high_confidence_dialogue
package_story_test_23_s1072_safe_boundaries/files/F/SF0A1.DAT,305152,0,0,0,0,0,0,0,0,0,0,0,0,79,0,no_high_confidence_dialogue
package_story_test_23_s1072_safe_boundaries/files/F/SF0B1.DAT,305152,0,0,0,0,0,0,0,0,0,0,0,0,79,0,no_high_confidence_dialogue
package_story_test_23_s1072_safe_boundaries/files/F/SF0C1.DAT,305152,0,0,0,0,0,0,0,0,0,0,0,0,79,0,no_high_confidence_dialogue
package_story_test_23_s1072_safe_boundaries/files/F/SF0D1.DAT,305152,0,0,0,0,0,0,0,0,0,0,0,0,79,0,no_high_confidence_dialogue
package_story_test_23_s1072_safe_boundaries/files/F/SF0E1.DAT,305152,0,0,0,0,0,0,0,0,0,0,0,0,79,0,no_high_confidence_dialogue
package_story_test_23_s1072_safe_boundaries/files/F/SF0F1.DAT,305152,0,0,0,0,0,0,0,0,0,0,0,0,79,0,no_high_confidence_dialogue
package_story_test_23_s1072_safe_boundaries/files/MAP/AREA0BG.DAT,33280,0,0,0,0,0,0,0,0,0,0,0,0,0,0,no_high_confidence_dialogue
package_story_test_23_s1072_safe_boundaries/files/MAP/AREA0MAP.DAT,193536,0,0,0,0,0,0,0,0,0,0,0,0,0,0,no_high_confidence_dialogue
package_story_test_23_s1072_safe_boundaries/files/MAP/AREA1BG.DAT,33280,0,0,0,0,0,0,0,0,0,0,0,0,0,0,no_high_confidence_dialogue
package_story_test_23_s1072_safe_boundaries/files/MAP/AREA1MAP.DAT,193536,0,0,0,0,0,0,0,0,0,0,0,0,0,0,no_high_confidence_dialogue
package_story_test_23_s1072_safe_boundaries/files/MAP/AREA2BG.DAT,33280,0,0,0,0,0,0,0,0,0,0,0,0,0,0,no_high_confidence_dialogue
package_story_test_23_s1072_safe_boundaries/files/MAP/AREA2MAP.DAT,193536,0,0,0,0,0,0,0,0,0,0,0,0,0,0,no_high_confidence_dialogue
package_story_test_23_s1072_safe_boundaries/files/MAP/AREA3BG.DAT,33280,0,0,0,0,0,0,0,0,0,0,0,0,0,0,no_high_confidence_dialogue
package_story_test_23_s1072_safe_boundaries/files/MAP/AREA3MAP.DAT,193536,0,0,0,0,0,0,0,0,0,0,0,0,0,0,no_high_confidence_dialogue
package_story_test_23_s1072_safe_boundaries/files/MAP/AREA4BG.DAT,33280,0,0,0,0,0,0,0,0,0,0,0,0,0,0,no_high_confidence_dialogue
package_story_test_23_s1072_safe_boundaries/files/MAP/AREA4MAP.DAT,193536,0,0,0,0,0,0,0,0,0,0,0,0,0,0,no_high_confidence_dialogue
package_story_test_23_s1072_safe_boundaries/files/MAP/AREA5MAP.DAT,193536,0,0,0,0,0,0,0,0,0,0,0,0,0,0,no_high_confidence_dialogue
package_story_test_23_s1072_safe_boundaries/files/MAP/AREA6MAP.DAT,193536,0,0,0,0,0,0,0,0,0,0,0,0,0,0,no_high_confidence_dialogue
package_story_test_23_s1072_safe_boundaries/files/MAP/SMAP.DAT,305152,0,0,0,0,0,0,0,0,0,0,0,0,79,0,no_high_confidence_dialogue
package_story_test_23_s1072_safe_boundaries/files/MAP/WORLDMAP.DAT,292864,0,0,0,0,0,0,0,0,0,0,0,75,4,0,no_high_confidence_dialogue
package_story_test_23_s1072_safe_boundaries/files/S000.DAT,305152,0,0,0,0,0,0,0,0,0,0,0,0,79,0,no_high_confidence_dialogue
package_story_test_23_s1072_safe_boundaries/files/license_data.dat,28032,0,0,0,0,0,0,0,0,0,0,0,0,0,0,no_high_confidence_dialogue
story_bulk3_plus_d_house_gamefiles/1/S1011.DAT,305152,0,0,0,0,0,0,0,0,0,0,0,0,79,0,no_high_confidence_dialogue
story_bulk3_plus_d_house_gamefiles/1/S1013.DAT,305152,0,0,0,0,0,0,0,0,0,0,0,0,79,0,no_high_confidence_dialogue
story_bulk3_plus_d_house_gamefiles/1/S1021.DAT,305152,0,0,0,0,0,0,0,0,0,0,0,0,79,0,no_high_confidence_dialogue
story_bulk3_plus_d_house_gamefiles/1/S1022.DAT,305152,0,0,0,0,0,0,0,0,0,0,0,0,79,0,no_high_confidence_dialogue
story_bulk3_plus_d_house_gamefiles/1/S1023.DAT,305152,0,0,0,0,0,0,0,0,0,0,0,0,79,0,no_high_confidence_dialogue
story_bulk3_plus_d_house_gamefiles/1/S1041.DAT,305152,0,0,0,0,0,0,0,0,0,0,0,0,79,0,no_high_confidence_dialogue
story_bulk3_plus_d_house_gamefiles/1/S1051.DAT,305152,0,0,0,0,0,0,0,0,0,0,0,0,79,0,no_high_confidence_dialogue
story_bulk3_plus_d_house_gamefiles/1/S1061.DAT,305152,0,0,0,0,0,0,0,0,0,0,0,0,79,0,no_high_confidence_dialogue
story_bulk3_plus_d_house_gamefiles/1/S1071.DAT,305152,0,0,0,0,0,0,0,0,0,0,0,0,79,0,no_high_confidence_dialogue
story_bulk3_plus_d_house_gamefiles/1/S1072.DAT,305152,0,0,0,0,0,0,0,0,0,0,0,0,79,0,no_high_confidence_dialogue
story_bulk3_plus_d_house_gamefiles/D/SD012.DAT,305152,0,0,0,0,0,0,0,0,0,0,0,0,79,0,no_high_confidence_dialogue
story_bulk3_plus_d_house_gamefiles/D/SD013.DAT,305152,0,0,0,0,0,0,0,0,0,0,0,0,79,0,no_high_confidence_dialogue
story_bulk3_plus_d_house_repack_verify_gamefiles/1/S1011.DAT,305152,0,0,0,0,0,0,0,0,0,0,0,0,79,0,no_high_confidence_dialogue
story_bulk3_plus_d_house_repack_verify_gamefiles/1/S1013.DAT,305152,0,0,0,0,0,0,0,0,0,0,0,0,79,0,no_high_confidence_dialogue
story_bulk3_plus_d_house_repack_verify_gamefiles/1/S1021.DAT,305152,0,0,0,0,0,0,0,0,0,0,0,0,79,0,no_high_confidence_dialogue
story_bulk3_plus_d_house_repack_verify_gamefiles/1/S1022.DAT,305152,0,0,0,0,0,0,0,0,0,0,0,0,79,0,no_high_confidence_dialogue
story_bulk3_plus_d_house_repack_verify_gamefiles/1/S1023.DAT,305152,0,0,0,0,0,0,0,0,0,0,0,0,79,0,no_high_confidence_dialogue
story_bulk3_plus_d_house_repack_verify_gamefiles/1/S1041.DAT,305152,0,0,0,0,0,0,0,0,0,0,0,0,79,0,no_high_confidence_dialogue
story_bulk3_plus_d_house_repack_verify_gamefiles/1/S1051.DAT,305152,0,0,0,0,0,0,0,0,0,0,0,0,79,0,no_high_confidence_dialogue
story_bulk3_plus_d_house_repack_verify_gamefiles/1/S1061.DAT,305152,0,0,0,0,0,0,0,0,0,0,0,0,79,0,no_high_confidence_dialogue
story_bulk3_plus_d_house_repack_verify_gamefiles/1/S1071.DAT,305152,0,0,0,0,0,0,0,0,0,0,0,0,79,0,no_high_confidence_dialogue
story_bulk3_plus_d_house_repack_verify_gamefiles/1/S1072.DAT,305152,0,0,0,0,0,0,0,0,0,0,0,0,79,0,no_high_confidence_dialogue
story_bulk3_plus_d_house_repack_verify_gamefiles/D/SD012.DAT,305152,0,0,0,0,0,0,0,0,0,0,0,0,79,0,no_high_confidence_dialogue
story_bulk3_plus_d_house_repack_verify_gamefiles/D/SD013.DAT,305152,0,0,0,0,0,0,0,0,0,0,0,0,79,0,no_high_confidence_dialogue
story_bulk3_plus_s1072_room_build/1/S1072.DAT,305152,0,0,0,0,0,0,0,0,0,0,0,0,79,0,no_high_confidence_dialogue
story_bulk3_plus_s1072_room_gamefiles/1/S1011.DAT,305152,0,0,0,0,0,0,0,0,0,0,0,0,79,0,no_high_confidence_dialogue
story_bulk3_plus_s1072_room_gamefiles/1/S1013.DAT,305152,0,0,0,0,0,0,0,0,0,0,0,0,79,0,no_high_confidence_dialogue
story_bulk3_plus_s1072_room_gamefiles/1/S1021.DAT,305152,0,0,0,0,0,0,0,0,0,0,0,0,79,0,no_high_confidence_dialogue
story_bulk3_plus_s1072_room_gamefiles/1/S1022.DAT,305152,0,0,0,0,0,0,0,0,0,0,0,0,79,0,no_high_confidence_dialogue
story_bulk3_plus_s1072_room_gamefiles/1/S1023.DAT,305152,0,0,0,0,0,0,0,0,0,0,0,0,79,0,no_high_confidence_dialogue
story_bulk3_plus_s1072_room_gamefiles/1/S1041.DAT,305152,0,0,0,0,0,0,0,0,0,0,0,0,79,0,no_high_confidence_dialogue
story_bulk3_plus_s1072_room_gamefiles/1/S1051.DAT,305152,0,0,0,0,0,0,0,0,0,0,0,0,79,0,no_high_confidence_dialogue
story_bulk3_plus_s1072_room_gamefiles/1/S1061.DAT,305152,0,0,0,0,0,0,0,0,0,0,0,0,79,0,no_high_confidence_dialogue
story_bulk3_plus_s1072_room_gamefiles/1/S1071.DAT,305152,0,0,0,0,0,0,0,0,0,0,0,0,79,0,no_high_confidence_dialogue
story_bulk3_plus_s1072_room_gamefiles/1/S1072.DAT,305152,0,0,0,0,0,0,0,0,0,0,0,0,79,0,no_high_confidence_dialogue
story_bulk3_s1072_room_highslot_gamefiles/1/S1011.DAT,305152,0,0,0,0,0,0,0,0,0,0,0,0,79,0,no_high_confidence_dialogue
story_bulk3_s1072_room_highslot_gamefiles/1/S1013.DAT,305152,0,0,0,0,0,0,0,0,0,0,0,0,79,0,no_high_confidence_dialogue
story_bulk3_s1072_room_highslot_gamefiles/1/S1021.DAT,305152,0,0,0,0,0,0,0,0,0,0,0,0,79,0,no_high_confidence_dialogue
story_bulk3_s1072_room_highslot_gamefiles/1/S1022.DAT,305152,0,0,0,0,0,0,0,0,0,0,0,0,79,0,no_high_confidence_dialogue
story_bulk3_s1072_room_highslot_gamefiles/1/S1023.DAT,305152,0,0,0,0,0,0,0,0,0,0,0,0,79,0,no_high_confidence_dialogue
story_bulk3_s1072_room_highslot_gamefiles/1/S1041.DAT,305152,0,0,0,0,0,0,0,0,0,0,0,0,79,0,no_high_confidence_dialogue
story_bulk3_s1072_room_highslot_gamefiles/1/S1051.DAT,305152,0,0,0,0,0,0,0,0,0,0,0,0,79,0,no_high_confidence_dialogue
story_bulk3_s1072_room_highslot_gamefiles/1/S1061.DAT,305152,0,0,0,0,0,0,0,0,0,0,0,0,79,0,no_high_confidence_dialogue
story_bulk3_s1072_room_highslot_gamefiles/1/S1071.DAT,305152,0,0,0,0,0,0,0,0,0,0,0,0,79,0,no_high_confidence_dialogue
story_bulk3_s1072_room_highslot_gamefiles/1/S1072.DAT,305152,0,0,0,0,0,0,0,0,0,0,0,0,79,0,no_high_confidence_dialogue
story_d_house_highslot_build/D/SD012.DAT,305152,0,0,0,0,0,0,0,0,0,0,0,0,79,0,no_high_confidence_dialogue
story_d_house_highslot_build/D/SD013.DAT,305152,0,0,0,0,0,0,0,0,0,0,0,0,79,0,no_high_confidence_dialogue
story_house_d_sd031_snow_build/D/SD031.DAT,305152,0,0,0,0,0,0,0,0,0,0,0,63,16,0,no_high_confidence_dialogue
story_house_live_s1031_blocking_build/1/S1031.DAT,305152,0,0,0,0,0,0,0,0,0,0,0,0,79,0,no_high_confidence_dialogue
story_house_live_sd011_extended_build/D/SD011.DAT,305152,0,0,0,0,0,0,0,0,0,0,0,0,79,0,no_high_confidence_dialogue
story_house_s1021_all_control0000_build/1/S1021.DAT,305152,0,0,0,0,0,0,0,0,0,0,0,0,79,0,no_high_confidence_dialogue
story_house_s1021_control0000_build/1/S1021.DAT,305152,0,0,0,0,0,0,0,0,0,0,0,0,79,0,no_high_confidence_dialogue
story_house_s1021_s1022_complete_build/1/S1022.DAT,305152,0,0,0,0,0,0,0,0,0,0,0,0,79,0,no_high_confidence_dialogue
story_house_s1021_s1041_complete_build/1/S1041.DAT,305152,0,0,0,0,0,0,0,0,0,0,0,0,79,0,no_high_confidence_dialogue
story_house_s1041_all_build/1/S1041.DAT,305152,0,0,0,0,0,0,0,0,0,0,0,0,79,0,no_high_confidence_dialogue
story_house_sd011_all_build/D/SD011.DAT,305152,0,0,0,0,0,0,0,0,0,0,0,0,79,0,no_high_confidence_dialogue
story_house_sd011_build/D/SD011.DAT,305152,0,0,0,0,0,0,0,0,0,0,0,0,79,0,no_high_confidence_dialogue
story_house_sd011_live_slots_1_to_4_build/D/SD011.DAT,305152,0,0,0,0,0,0,0,0,0,0,0,0,79,0,no_high_confidence_dialogue
story_house_sd011_live_slots_2_to_4_build/D/SD011.DAT,305152,0,0,0,0,0,0,0,0,0,0,0,0,79,0,no_high_confidence_dialogue
story_manifest_build/1/S1072.DAT,305152,0,0,0,0,0,0,0,0,0,0,0,0,79,0,no_high_confidence_dialogue
story_progress_bulk/1/S1013.DAT,305152,0,0,0,0,0,0,0,0,0,0,0,0,79,0,no_high_confidence_dialogue
story_progress_bulk/1/S1021.DAT,305152,0,0,0,0,0,0,0,0,0,0,0,0,79,0,no_high_confidence_dialogue
story_progress_bulk/1/S1022.DAT,305152,0,0,0,0,0,0,0,0,0,0,0,0,79,0,no_high_confidence_dialogue
story_progress_bulk/1/S1023.DAT,305152,0,0,0,0,0,0,0,0,0,0,0,0,79,0,no_high_confidence_dialogue
story_progress_bulk/1/S1041.DAT,305152,0,0,0,0,0,0,0,0,0,0,0,0,79,0,no_high_confidence_dialogue
story_progress_bulk/1/S1061.DAT,305152,0,0,0,0,0,0,0,0,0,0,0,0,79,0,no_high_confidence_dialogue
story_progress_bulk/1/S1072.DAT,305152,0,0,0,0,0,0,0,0,0,0,0,0,79,0,no_high_confidence_dialogue
story_progress_bulk2/1/S1013.DAT,305152,0,0,0,0,0,0,0,0,0,0,0,0,79,0,no_high_confidence_dialogue
story_progress_bulk2/1/S1021.DAT,305152,0,0,0,0,0,0,0,0,0,0,0,0,79,0,no_high_confidence_dialogue
story_progress_bulk2/1/S1022.DAT,305152,0,0,0,0,0,0,0,0,0,0,0,0,79,0,no_high_confidence_dialogue
story_progress_bulk2/1/S1023.DAT,305152,0,0,0,0,0,0,0,0,0,0,0,0,79,0,no_high_confidence_dialogue
story_progress_bulk2/1/S1041.DAT,305152,0,0,0,0,0,0,0,0,0,0,0,0,79,0,no_high_confidence_dialogue
story_progress_bulk2/1/S1051.DAT,305152,0,0,0,0,0,0,0,0,0,0,0,0,79,0,no_high_confidence_dialogue
story_progress_bulk2/1/S1061.DAT,305152,0,0,0,0,0,0,0,0,0,0,0,0,79,0,no_high_confidence_dialogue
story_progress_bulk2/1/S1072.DAT,305152,0,0,0,0,0,0,0,0,0,0,0,0,79,0,no_high_confidence_dialogue
story_progress_bulk3_all_1/1/S1011.DAT,305152,0,0,0,0,0,0,0,0,0,0,0,0,79,0,no_high_confidence_dialogue
story_progress_bulk3_all_1/1/S1013.DAT,305152,0,0,0,0,0,0,0,0,0,0,0,0,79,0,no_high_confidence_dialogue
story_progress_bulk3_all_1/1/S1021.DAT,305152,0,0,0,0,0,0,0,0,0,0,0,0,79,0,no_high_confidence_dialogue
story_progress_bulk3_all_1/1/S1022.DAT,305152,0,0,0,0,0,0,0,0,0,0,0,0,79,0,no_high_confidence_dialogue
story_progress_bulk3_all_1/1/S1023.DAT,305152,0,0,0,0,0,0,0,0,0,0,0,0,79,0,no_high_confidence_dialogue
story_progress_bulk3_all_1/1/S1041.DAT,305152,0,0,0,0,0,0,0,0,0,0,0,0,79,0,no_high_confidence_dialogue
story_progress_bulk3_all_1/1/S1051.DAT,305152,0,0,0,0,0,0,0,0,0,0,0,0,79,0,no_high_confidence_dialogue
story_progress_bulk3_all_1/1/S1061.DAT,305152,0,0,0,0,0,0,0,0,0,0,0,0,79,0,no_high_confidence_dialogue
story_progress_bulk3_all_1/1/S1071.DAT,305152,0,0,0,0,0,0,0,0,0,0,0,0,79,0,no_high_confidence_dialogue
story_progress_bulk3_all_1/1/S1072.DAT,305152,0,0,0,0,0,0,0,0,0,0,0,0,79,0,no_high_confidence_dialogue
story_progress_safe/1/S1072.DAT,305152,0,0,0,0,0,0,0,0,0,0,0,0,79,0,no_high_confidence_dialogue
story_s1041_build/1/S1041.DAT,305152,0,0,0,0,0,0,0,0,0,0,0,0,79,0,no_high_confidence_dialogue
story_s1041_final_patch_files/1/S1041.DAT,305152,0,0,0,0,0,0,0,0,0,0,0,0,79,0,no_high_confidence_dialogue
story_test_01/1/S1071.DAT,305152,0,0,0,0,0,0,0,0,0,0,0,0,79,0,no_high_confidence_dialogue
story_test_02/1/S1071.DAT,305152,0,0,0,0,0,0,0,0,0,0,0,0,79,0,no_high_confidence_dialogue
story_test_03/1/S1071.DAT,305152,0,0,0,0,0,0,0,0,0,0,0,0,79,0,no_high_confidence_dialogue
story_test_04/1/S1071.DAT,305152,0,0,0,0,0,0,0,0,0,0,0,0,79,0,no_high_confidence_dialogue
story_test_05/1/S1071.DAT,305152,0,0,0,0,0,0,0,0,0,0,0,0,79,0,no_high_confidence_dialogue
story_test_06/1/S1071.DAT,305152,0,0,0,0,0,0,0,0,0,0,0,0,79,0,no_high_confidence_dialogue
story_test_07/1/S1071.DAT,305152,0,0,0,0,0,0,0,0,0,0,0,0,79,0,no_high_confidence_dialogue
story_test_08_twobyte_locator/1/S1071.DAT,305152,0,0,0,0,0,0,0,0,0,0,0,0,79,0,no_high_confidence_dialogue
story_test_09_twobyte_mapc/1/S1071.DAT,305152,0,0,0,0,0,0,0,0,0,0,0,0,79,0,no_high_confidence_dialogue
story_test_10_twobyte_grid_locator/1/S1071.DAT,305152,0,0,0,0,0,0,0,0,0,0,0,0,79,0,no_high_confidence_dialogue
story_test_11_remaining_slots_probe/1/S1071.DAT,305152,0,0,0,0,0,0,0,0,0,0,0,0,79,0,no_high_confidence_dialogue
story_test_12_stable_extra_font/1/S1071.DAT,305152,0,0,0,0,0,0,0,0,0,0,0,0,79,0,no_high_confidence_dialogue
story_test_13_s1011_first_block_probe/1/S1011.DAT,305152,0,0,0,0,0,0,0,0,0,0,0,0,79,0,no_high_confidence_dialogue
story_test_13_s1011_first_block_probe/1/S1071.DAT,305152,0,0,0,0,0,0,0,0,0,0,0,0,79,0,no_high_confidence_dialogue
story_test_14_s1011_two_blocks/1/S1011.DAT,305152,0,0,0,0,0,0,0,0,0,0,0,0,79,0,no_high_confidence_dialogue
story_test_14_s1011_two_blocks/1/S1071.DAT,305152,0,0,0,0,0,0,0,0,0,0,0,0,79,0,no_high_confidence_dialogue
story_test_15_s1011_three_blocks/1/S1011.DAT,305152,0,0,0,0,0,0,0,0,0,0,0,0,79,0,no_high_confidence_dialogue
story_test_15_s1011_three_blocks/1/S1071.DAT,305152,0,0,0,0,0,0,0,0,0,0,0,0,79,0,no_high_confidence_dialogue
story_test_16_s1011_four_blocks/1/S1011.DAT,305152,0,0,0,0,0,0,0,0,0,0,0,0,79,0,no_high_confidence_dialogue
story_test_16_s1011_four_blocks/1/S1071.DAT,305152,0,0,0,0,0,0,0,0,0,0,0,0,79,0,no_high_confidence_dialogue
story_test_17_s1011_nine_blocks/1/S1011.DAT,305152,0,0,0,0,0,0,0,0,0,0,0,0,79,0,no_high_confidence_dialogue
story_test_17_s1011_nine_blocks/1/S1071.DAT,305152,0,0,0,0,0,0,0,0,0,0,0,0,79,0,no_high_confidence_dialogue
story_test_18_s1011_nine_blocks_fix_block8/1/S1011.DAT,305152,0,0,0,0,0,0,0,0,0,0,0,0,79,0,no_high_confidence_dialogue
story_test_18_s1011_nine_blocks_fix_block8/1/S1071.DAT,305152,0,0,0,0,0,0,0,0,0,0,0,0,79,0,no_high_confidence_dialogue
story_test_19_low_slot_probe_s1013/1/S1011.DAT,305152,0,0,0,0,0,0,0,0,0,0,0,0,79,0,no_high_confidence_dialogue
story_test_19_low_slot_probe_s1013/1/S1013.DAT,305152,0,0,0,0,0,0,0,0,0,0,0,0,79,0,no_high_confidence_dialogue
story_test_19_low_slot_probe_s1013/1/S1071.DAT,305152,0,0,0,0,0,0,0,0,0,0,0,0,79,0,no_high_confidence_dialogue
story_test_20_s1072_first_blocks/1/S1011.DAT,305152,0,0,0,0,0,0,0,0,0,0,0,0,79,0,no_high_confidence_dialogue
story_test_20_s1072_first_blocks/1/S1071.DAT,305152,0,0,0,0,0,0,0,0,0,0,0,0,79,0,no_high_confidence_dialogue
story_test_20_s1072_first_blocks/1/S1072.DAT,305152,0,0,0,0,0,0,0,0,0,0,0,0,79,0,no_high_confidence_dialogue
story_test_21_s1072_visible_batch/1/S1011.DAT,305152,0,0,0,0,0,0,0,0,0,0,0,0,79,0,no_high_confidence_dialogue
story_test_21_s1072_visible_batch/1/S1071.DAT,305152,0,0,0,0,0,0,0,0,0,0,0,0,79,0,no_high_confidence_dialogue
story_test_21_s1072_visible_batch/1/S1072.DAT,305152,0,0,0,0,0,0,0,0,0,0,0,0,79,0,no_high_confidence_dialogue
story_test_22_s1072_add_kukuru_block/1/S1011.DAT,305152,0,0,0,0,0,0,0,0,0,0,0,0,79,0,no_high_confidence_dialogue
story_test_22_s1072_add_kukuru_block/1/S1071.DAT,305152,0,0,0,0,0,0,0,0,0,0,0,0,79,0,no_high_confidence_dialogue
story_test_22_s1072_add_kukuru_block/1/S1072.DAT,305152,0,0,0,0,0,0,0,0,0,0,0,0,79,0,no_high_confidence_dialogue
story_test_23_s1072_safe_boundaries/1/S1011.DAT,305152,0,0,0,0,0,0,0,0,0,0,0,0,79,0,no_high_confidence_dialogue
story_test_23_s1072_safe_boundaries/1/S1071.DAT,305152,0,0,0,0,0,0,0,0,0,0,0,0,79,0,no_high_confidence_dialogue
story_test_23_s1072_safe_boundaries/1/S1072.DAT,305152,0,0,0,0,0,0,0,0,0,0,0,0,79,0,no_high_confidence_dialogue
story_test_24_s1072_first_block_stable_only/1/S1011.DAT,305152,0,0,0,0,0,0,0,0,0,0,0,0,79,0,no_high_confidence_dialogue
story_test_24_s1072_first_block_stable_only/1/S1071.DAT,305152,0,0,0,0,0,0,0,0,0,0,0,0,79,0,no_high_confidence_dialogue
story_test_24_s1072_first_block_stable_only/1/S1072.DAT,305152,0,0,0,0,0,0,0,0,0,0,0,0,79,0,no_high_confidence_dialogue
story_test_25_s1072_second_block_stable_only/1/S1011.DAT,305152,0,0,0,0,0,0,0,0,0,0,0,0,79,0,no_high_confidence_dialogue
story_test_25_s1072_second_block_stable_only/1/S1071.DAT,305152,0,0,0,0,0,0,0,0,0,0,0,0,79,0,no_high_confidence_dialogue
story_test_25_s1072_second_block_stable_only/1/S1072.DAT,305152,0,0,0,0,0,0,0,0,0,0,0,0,79,0,no_high_confidence_dialogue
